木下グループ新型コロナＰＣＲセンター秋葉原店,千代田区,千代田区外神田1-14-7秋葉原野村ビル,,35.69841,139.77155,5,7
日テレ・木下グループ 新型コロナ検査センター,港区,港区東新橋1丁目6-1,,35.66426,139.76015,5,7
木下グループ新型コロナＰＣＲセンター新橋店,港区,港区新橋２−１６−１ニュー新橋ビル１階西側角,,35.66631,139.7574,5,7
木下グループ新型コロナＰＣＲセンター浜松町店,港区,港区芝大門1-16-8,,35.65722,139.75447,5,7
木下グループ新型コロナＰＣＲセンター新宿店,新宿区,新宿区新宿歌舞伎町1-24-3,,35.69006,139.70839,5,5
木下グループ新型コロナＰＣＲセンター羽田空港第１ターミナル店,大田区,大田区羽田空港3-3-2,,35.54946,139.78389,5,7
木下グループ新型コロナＰＣＲセンター羽田空港第２ターミナル店,大田区,大田区羽田空港3-4-2,,35.55489,139.78445,5,7
木下グループ新型コロナＰＣＲセンター渋谷店,渋谷区,渋谷区道玄坂2-8-9市橋ビル,,35.65847,139.69833,5,7
荒川区連携 木下グループ新型コロナ検査センター 熊野前アクト21会場,荒川区,荒川区東尾久五丁目9番3号,,35.74841,139.76884,5,7
荒川区連携 木下グループ新型コロナ検査センター 荒川総合スポーツセンター会場,荒川区,荒川区南千住6-45-5,,35.73601,139.79184,5,7
足立区連携 木下グループPCR検査センター 足立区役所本庁舎会場,足立区,足立区中央本町1丁目17-1,,35.77512,139.80502,5,7
木下グループ 新型コロナＰＣＲセンター 吉祥寺店,武蔵野市,武蔵野市吉祥寺本町1-8-4コスモビル1階,,35.70503,139.57854,5,7
Ｊ−ＶＰＤ東京ラボラトリー（ラボ併設ブース採取）,新宿区,新宿区愛住町22第3山田ビル1階Ｂ室,,35.69137,139.71997,5,7
Ｊ−ＶＰＤ東京ラボラトリー（期間限定ブース出張採取）,北区,北区王子本町1丁目4-11　北区第四庁舎,,35.75226,139.73369,5,7
ＭＳＪ八王子ＰＣＲ検査スポット,八王子市,八王子市東町8-9,,35.658,139.33911,5,7
ＭＳＪ立川ＰＣＲ検査スポット,立川市,立川市曙町2-3-4,,35.69876,139.41154,5,7
ピカパカPCRクイック 検査センター 秋葉原駅前店,千代田区,千代田区神田松永町11AT第一ビル 4F,,35.69954,139.77484,5,7
ピカパカＰＣＲクイック検査センター新橋店,港区,港区新橋1-17-1内田ビル1階,,35.66848,139.75697,5,7
ピカパカＰＣＲクイック検査センター新宿店,新宿区,新宿区新宿3-23-1新宿ターミナルビル1階,,35.69339,139.70085,5,7
ピカパカＰＣＲクイック検査センター渋谷店,渋谷区,渋谷区渋谷2-19-20宮益坂村瀬ビル1階,,35.65962,139.70399,5,7
ピカパカＰＣＲクイック検査センター池袋店,豊島区,豊島区西池袋1-15-8三仲ビル2階,,35.73049,139.70964,5,7
ウエルシア薬局千代田御茶ノ水店,千代田区,千代田区外神田2-2-15 ウエルシアビル1F,,35.69958,139.76768,5,7
ウエルシア薬局千代田麹町店,千代田区,千代田区麹町3-4トラスティ麹町ビル1F,,35.68496,139.73766,5,7
ウエルシア薬局神田小川町2号店,千代田区,千代田区神田小川町一丁目1番地,,35.69491,139.76689,5,7
ウエルシア薬局神田小川町店,千代田区,千代田区神田小川町一丁目2番地,,35.69542,139.76682,5,7
ウエルシア薬局秋葉原駅前店,千代田区,千代田区外神田1-18-19 BiTO AKIBA 1階,,35.69911,139.77211,5,7
ウエルシア薬局日本橋１号店,中央区,中央区日本橋2-1-10,,35.68243,139.77292,4,7
ウエルシア薬局日本橋駅前店,中央区,中央区日本橋2丁目1番10号 柳屋ビル地下2階,,35.68243,139.77292,4,7
ウエルシア薬局東京スクエアガーデン店,中央区,中央区京橋3-1-1,,35.67582,139.76872,5,7
ウエルシア薬局南麻布店,港区,港区南麻布五丁目1番11号 1F,,35.65446,139.72247,5,7
ウエルシア薬局麻布十番店,港区,港区麻布十番2-9-2,,35.65504,139.73453,5,7
ウエルシア薬局O-GUARD新宿店,新宿区,新宿区西新宿7丁目10番1号,,35.69385,139.6981,5,7
ウエルシア薬局新宿大久保一丁目店,新宿区,新宿区大久保一丁目3番21号,,35.70031,139.70753,5,7
ウエルシア薬局新宿牛込店,新宿区,新宿区北山伏町1番2号,,35.69965,139.73114,5,7
ウエルシア薬局新宿目白店,新宿区,新宿区下落合3-12-28,,35.72157,139.6989,5,7
ウエルシア薬局西新宿三井ビル店,新宿区,新宿区西新宿六丁目24番1号,,35.69525,139.68907,5,7
ウエルシア薬局文京グリーンコート店,文京区,文京区本駒込2-28-10 イーストウイングB1F,,35.72952,139.74666,5,7
ウエルシア薬局茗荷谷駅前店,文京区,文京区小日向4-6-18アマーレ茗荷谷1・2F,,35.71725,139.73714,5,7
ウエルシア台東入谷調剤薬局,台東区,台東区北上野2-30-7 ファイン北上野,,35.71954,139.78423,5,7
ウエルシア薬局墨田八広店,墨田区,墨田区八広1-30-10,,35.71918,139.82483,5,7
ウエルシア薬局ダイエー東大島店,江東区,江東区大島7-38-30,,35.69115,139.84224,5,7
ウエルシア薬局江東平野店,江東区,江東区平野3-7-19,,35.67806,139.80568,5,7
ウエルシア薬局目黒上大崎店,品川区,品川区上大崎2-13-32富田ビル,,35.63465,139.71788,5,7
ウエルシア薬局上目黒２丁目店,目黒区,目黒区上目黒2-42-8 ホーライコーポ,,35.64076,139.69492,5,7
ウエルシア薬局目黒青葉台店,目黒区,目黒区青葉台一丁目29番6号 ライオンズマンション中目黒 1階,,35.64683,139.69597,5,7
ウエルシア薬局自由が丘店,目黒区,目黒区自由が丘2-9-5 大坪ビル,,35.60955,139.66782,5,7
ウエルシア薬局久が原駅前店,大田区,大田区東嶺町30番12号 久が原ビル 1階,,35.57999,139.68452,5,7
ウエルシア薬局大田上池台店,大田区,大田区上池台四丁目21番7号,,35.59782,139.70261,5,7
ウエルシア薬局大田大森西店,大田区,大田区大森西五丁目25番21号,,35.56968,139.72797,5,7
ウエルシア薬局大田萩中2号店,大田区,大田区萩中三丁目14番20号 1階,,35.5519,139.73415,5,7
ウエルシア薬局大田萩中店,大田区,大田区萩中1-7-1,,35.55061,139.72891,5,7
ウエルシア薬局大田西六郷店,大田区,大田区西六郷4-36-8,,35.54448,139.70367,5,7
ウエルシア薬局世田谷千歳台二丁目店,世田谷区,世田谷区千歳台二丁目14番8号,,35.65096,139.60896,5,7
ウエルシア薬局世田谷千歳台店,世田谷区,世田谷区千歳台5-16-18,,35.65734,139.61162,5,7
ウエルシア薬局世田谷砧店,世田谷区,世田谷区砧2-14-30 サミットストア環八通り店2F,,35.64385,139.61768,5,7
ウエルシア薬局マンサード代官山店,渋谷区,渋谷区猿楽町10-1 マンサード代官山1階,,35.65063,139.70277,5,7
ウエルシア薬局代々木三丁目店,渋谷区,渋谷区代々木三丁目37番5号,,35.68186,139.69299,5,7
ウエルシア薬局代官山ディセ店,渋谷区,渋谷区代官山町17-6 代官山アドレス・ディセ1F,,35.64916,139.70331,5,7
ウエルシア中野さぎの宮調剤薬局,中野区,中野区鷺宮3-19-7 田中ビル1階2階,,35.72318,139.63841,5,7
ウエルシア薬局中野富士見町駅前店,中野区,中野区弥生町5-26-9,,35.69099,139.66853,5,7
ウエルシア薬局中野新橋店,中野区,中野区弥生町2-4-9ツナシマ第三ビル1F・B1,,35.69136,139.67682,5,7
ウエルシア薬局中野都立家政店,中野区,中野区鷺ノ宮1-28-9モンフレール1F,,35.72547,139.63261,5,5
ウエルシア薬局杉並松ノ木店,杉並区,杉並区松ノ木2-41-7,,35.69206,139.64172,5,7
ウエルシア薬局杉並阿佐谷南店,杉並区,杉並区阿佐谷南二丁目41番1号,,35.70503,139.63878,5,7
ウエルシア薬局永福店,杉並区,杉並区永福4-1-4,,35.67656,139.64357,5,7
ウエルシア薬局西永福店,杉並区,杉並区永福3-55-4 戸谷ビル,,35.67836,139.63689,5,7
ウエルシア薬局池袋店,豊島区,豊島区南池袋1-28-2 JR東日本池袋駅構内B1F,,35.72919,139.71141,5,7
ウエルシア薬局浮間店,北区,北区浮間2-12-24,,35.79124,139.69724,5,7
ウエルシア薬局田端２丁目店,北区,北区田端2-3-12 サントル動坂1F,,35.73366,139.75746,5,7
ウエルシア薬局西が丘店,北区,北区西が丘1-5-11 ハイツトーワ101,,35.77137,139.71489,5,7
ウエルシア薬局赤羽台店,北区,北区赤羽台1-5-18,,35.7776,139.7151,5,7
ウエルシア薬局三ノ輪橋駅前店,荒川区,荒川区南千住1-13-22 三ノ輪橋駅前ビル,,35.73191,139.79115,5,7
ウエルシア薬局板橋下板橋店,板橋区,板橋区板橋1-6-5 ヒルサイドビル,,35.74692,139.71573,5,7
ウエルシア薬局板橋四葉店,板橋区,板橋区四葉2-10-1,,35.78101,139.65317,5,7
ウエルシア薬局板橋徳丸店,板橋区,板橋区徳丸6-3-2,,35.77611,139.66208,5,7
ウエルシア薬局板橋志村店,板橋区,板橋区志村1-3-1,,35.77125,139.69803,5,7
ウエルシア薬局板橋新高島平店,板橋区,板橋区高島平7-13-4,,35.79059,139.65422,5,7
ウエルシア薬局板橋浮間舟渡店,板橋区,板橋区舟渡1-13-23レジデンスBS,,35.79204,139.69095,5,7
ウエルシア薬局板橋赤塚店,板橋区,板橋区赤塚6-1-26,,35.7738,139.6461,5,7
ウエルシア薬局練馬三原台店,練馬区,練馬区三原台3-8-3メゾンド下屋敷,,35.75133,139.59822,5,7
ウエルシア薬局練馬上石神井店,練馬区,練馬区上石神井1-5-10 コンフォートビル,,35.72562,139.59213,5,7
ウエルシア薬局練馬下石神井店,練馬区,練馬区下石神井5-16-13,,35.72966,139.60013,5,7
ウエルシア薬局練馬南大泉店,練馬区,練馬区南大泉5-20-28,,35.74929,139.57318,5,7
ウエルシア薬局練馬向山店,練馬区,練馬区向山4-34-3,,35.74364,139.63545,5,7
ウエルシア薬局練馬平和台店,練馬区,練馬区平和台4丁目26-8 ザ・グランディール平和台? 1階,,35.7583,139.65396,5,7
ウエルシア薬局練馬早宮店,練馬区,練馬区早宮4-37-2,,35.7486,139.64957,5,7
ウエルシア薬局練馬東大泉店,練馬区,練馬区東大泉6-49-2 グランフォンテ大泉学園,,35.74859,139.5827,5,7
ウエルシア薬局練馬桜台店,練馬区,練馬区桜台1-28-8,,35.74073,139.66794,5,7
ウエルシア薬局練馬石神井店,練馬区,練馬区石神井町6-15-8,,35.74305,139.60155,5,7
ウエルシア薬局練馬谷原店,練馬区,練馬区谷原5-4-2,,35.75102,139.61113,5,7
ウエルシア薬局練馬豊玉店,練馬区,練馬区豊玉北6-1-2 ディアマークスキャピタルタワー,,35.73689,139.65227,5,7
ウエルシア薬局練馬高松店,練馬区,練馬区高松6-9-4,,35.7571,139.61737,5,7
ウエルシア薬局豊玉目白通り店,練馬区,練馬区豊玉北5-24-2,,35.73509,139.6543,5,7
ハックドラッグピーコック高野台薬局,練馬区,練馬区高野台1-7-17 ピーコック高野台1F,,35.74119,139.61568,5,7
ウエルシア薬局足立加平店,足立区,足立区加平3-4-16,,35.77875,139.82872,5,7
ウエルシア薬局足立加賀店,足立区,足立区加賀2-10-1,,35.78931,139.75745,5,7
ウエルシア薬局足立南花畑店,足立区,足立区南花畑2-45-2,,35.79373,139.8176,5,7
ウエルシア薬局足立島根店,足立区,足立区島根3-20-17,,35.78057,139.7973,5,7
ウエルシア薬局足立弘道店,足立区,足立区弘道2-18-7,,35.76956,139.81755,5,7
ウエルシア薬局足立新田店,足立区,足立区新田2-6-15,,35.77185,139.74062,5,7
ウエルシア薬局足立江北店,足立区,足立区江北1-7-15,,35.76822,139.7666,5,7
ウエルシア薬局足立竹の塚１丁目店,足立区,足立区竹ノ塚1-13-10,,35.79094,139.79271,5,7
ウエルシア薬局足立竹の塚店,足立区,足立区竹ノ塚5-24-11,,35.79654,139.79539,5,7
ウエルシア薬局足立西新井店,足立区,足立区西新井4-32-14,,35.78844,139.77899,5,7
ウエルシア薬局足立青井店,足立区,足立区青井2-20-14,,35.77216,139.81595,5,7
ウエルシア薬局亀有駅前店,葛飾区,葛飾区亀有三丁目31番4号 1階,,35.76521,139.84871,5,7
ウエルシア薬局葛飾亀有店　店舗内　及び　ドライブスルー対応,葛飾区,葛飾区亀有2-16-1,,35.75911,139.8481,5,7
ウエルシア薬局葛飾奥戸店　店舗内　及び　ドライブスルー対応,葛飾区,葛飾区奥戸5-5-1,,35.73313,139.86516,5,7
ウエルシア薬局葛飾東立石店　店舗内　及び　ドライブスルー対応,葛飾区,葛飾区東立石一丁目12番9号,,35.72991,139.84807,5,7
ウエルシア薬局葛飾水元店　店舗内　及び　ドライブスルー対応,葛飾区,葛飾区水元4-10-23,,35.78614,139.86192,5,7
ウエルシア薬局葛飾立石店　店舗内　及び　ドライブスルー対応,葛飾区,葛飾区立石5-7-19,,35.74192,139.84296,5,7
ウエルシア江戸川葛西薬局,江戸川区,江戸川区船掘7-10-8,,35.67767,139.86957,5,5
ウエルシア薬局江戸川一之江店,江戸川区,江戸川区一之江7-73-5,,35.68534,139.87929,5,7
ウエルシア薬局江戸川中葛西店,江戸川区,江戸川区中葛西6-8-11,,35.66006,139.86629,5,7
ウエルシア薬局江戸川本一色店,江戸川区,江戸川区本一色3-7-2,,35.72201,139.86806,5,7
ウエルシア薬局江戸川東瑞江店,江戸川区,江戸川区東瑞江1-19-2,,35.68981,139.89821,5,7
ウエルシア薬局江戸川松本店,江戸川区,江戸川区松本1-16-21,,35.71526,139.87601,5,7
ウエルシア薬局江戸川瑞江駅前店,江戸川区,江戸川区南篠崎町3-1-3,,35.69345,139.89917,5,7
ウエルシア薬局江戸川篠崎店,江戸川区,江戸川区篠崎町2-171,,35.70699,139.90793,5,6
ウエルシア薬局江戸川西葛西店,江戸川区,江戸川区西葛西5-2-10 牧山ビル,,35.66617,139.85957,5,7
ウエルシア薬局江戸川鹿骨店,江戸川区,江戸川区鹿骨4-2-9,,35.71225,139.88918,5,7
ウエルシア薬局八王子みなみ野店,八王子市,八王子市みなみ野5-15番5号,,35.62901,139.32083,5,7
ウエルシア薬局八王子七国店,八王子市,八王子市七国五丁目28番,,35.61963,139.32166,5,7
ウエルシア薬局八王子川口店,八王子市,八王子市川口町1745-3,,35.68705,139.29552,5,7
ウエルシア薬局八王子弐分方店,八王子市,八王子市弐分方町481-4,,35.67397,139.28439,5,5
ウエルシア薬局八王子東中野店,八王子市,八王子市東中野279-2,,35.63702,139.40628,5,5
ウエルシア薬局八王子東浅川店,八王子市,八王子市東浅川町557-4,,35.64625,139.29626,5,7
ウエルシア薬局八王子椚田店,八王子市,八王子市椚田町72-1,,35.63272,139.31303,5,7
ウエルシア薬局八王子諏訪店,八王子市,八王子市諏訪町499,,35.68106,139.29517,5,7
ウエルシア薬局八王子駅北口店,八王子市,八王子市東町7-6 1F,,35.65799,139.33958,5,7
ウエルシア薬局楢原コピオ店,八王子市,八王子市楢原町1818-15 コピオ楢原内,,35.68719,139.30609,5,7
ウエルシア薬局立川柏町店,立川市,立川市柏町1-20-22,,35.71999,139.41362,5,7
ウエルシア薬局立川栄町店,立川市,立川市栄町5丁目62番地1,,35.71581,139.43031,5,7
ウエルシア薬局立川若葉店,立川市,立川市若葉町3-21,,35.72101,139.43716,5,7
ウエルシア薬局三鷹下連雀店,三鷹市,三鷹市下連雀3-30-8,,35.69793,139.5614,5,7
ウエルシア薬局三鷹店,三鷹市,三鷹市下連雀5-1-8,,35.6882,139.57179,5,7
ウエルシア薬局三鷹野崎店,三鷹市,三鷹市野崎1-16-5,,35.68335,139.55145,5,7
ウエルシア薬局ラーレ青梅新町店,青梅市,青梅市新町9-2016-14,,35.77962,139.32077,5,7
ウエルシア薬局青梅今寺店,青梅市,青梅市今寺5-13-1,,35.79475,139.30328,5,7
ウエルシア薬局青梅新町店,青梅市,青梅市新町3-69-4,,35.78385,139.30246,5,7
ウエルシア薬局府中天神店,府中市,府中市天神町3-12-6,,35.68461,139.48914,5,7
ウエルシア薬局府中是政店,府中市,府中市是政2-4-2,,35.65842,139.49065,5,7
ウエルシア薬局府中町二丁目店,府中市,府中市府中町2丁目9-5,,35.67342,139.48259,5,7
ウエルシア薬局府中白糸台店,府中市,府中市白糸台3丁目37番地12,,35.66742,139.51822,5,7
ウエルシア薬局昭島朝日町店,昭島市,昭島市朝日町2-3-19,,35.70933,139.3716,5,7
ウエルシア薬局つくし野駅前店,町田市,町田市つくし野2-25-3,,35.52669,139.48389,5,7
ウエルシア薬局町田境川店,町田市,町田市木曽東2-10-1,,35.5592,139.42336,5,7
ウエルシア薬局町田本町田店,町田市,町田市本町田3173-1,,35.57241,139.44606,5,7
ウエルシア薬局町田滝の沢店,町田市,町田市木曽町120-1,,35.55841,139.43263,5,7
ウエルシア薬局町田相原店,町田市,町田市相原町3336番地1,,35.61293,139.30072,5,5
ハックドラッグ成瀬ローゼン薬局,町田市,町田市南成瀬1-3-5 そうてつローゼン成瀬店2F,,35.53659,139.47087,5,7
ウエルシア薬局イオンフードスタイル小平店,小平市,小平市小川東町2-12-1,,35.74335,139.46756,5,7
ウエルシア薬局小平上水本町店,小平市,小平市上水本町三丁目5番10号,,35.71715,139.46838,5,7
ウエルシア薬局小平学園西町店,小平市,小平市学園西町三丁目26番22号,,35.72656,139.47562,5,7
ウエルシア薬局小平小川東店,小平市,小平市小川東町1-6-20,,35.73316,139.46487,5,7
ウエルシア京王高幡SC調剤薬局,日野市,日野市高幡128-5 京王高幡ショッピングセンター1階,,35.663,139.412,5,7
ウエルシア薬局日野万願寺店,日野市,日野市万願寺2-25-5,,35.67166,139.42015,5,7
ウエルシア薬局日野仲宿店,日野市,日野市日野本町2-16-28,,35.67805,139.39909,5,7
ウエルシア薬局日野栄町店,日野市,日野市栄町四丁目22番地の1,,35.68433,139.38582,5,7
ウエルシア薬局日野甲州街道店,日野市,日野市大字日野1479番地の1,,35.67844,139.40616,5,7
ウエルシア薬局日野落川店,日野市,日野市落川 997番地1,,35.65837,139.42982,5,5
ウエルシア薬局新秋津駅前店,東村山市,東村山市新秋津町5-13-95,,35.75462,139.46849,3,3
ウエルシア薬局東村山久米川2丁目店　店舗内　及び　ドライブスルー対応,東村山市,東村山市久米川町2-37-2,,35.76403,139.48137,5,7
ウエルシア薬局東村山久米川店,東村山市,東村山市久米川町4-3-39,,35.76004,139.47208,5,7
ウエルシア薬局東村山野口店,東村山市,東村山市野口町1-26-37,,35.75859,139.46283,5,7
ウエルシア薬局国分寺駅北口店,国分寺市,国分寺市本町2丁目2番1号,,35.70062,139.48187,5,7
ウエルシア薬局国立富士見台店,国立市,国立市富士見台2-30-2,,35.68479,139.44337,5,7
ウエルシア薬局国立谷保店,国立市,国立市谷保5213-1 津戸ビル1F,,35.68108,139.44441,5,7
ウエルシア薬局東福生店,福生市,福生市武蔵野台1-8-10,,35.74608,139.33412,5,7
ウエルシア薬局福生北田園店　店舗内　及び　ドライブスルー対応,福生市,福生市北田園2-18-5,,35.73735,139.3213,5,7
ウエルシア薬局東大和向原店,東大和市,東大和市向原3-1-1,,35.74239,139.43744,5,7
ウエルシア薬局東大和立野店,東大和市,東大和市立野3-1149-2,,35.73946,139.42332,5,6
ウエルシア薬局清瀬中里店,清瀬市,清瀬市中里3-895-1,,35.7837,139.52286,5,7
ウエルシア薬局東久留米八幡町店,東久留米市,東久留米市八幡町三丁目14番6号,,35.75134,139.51427,5,7
ウエルシア薬局東久留米本町店,東久留米市,東久留米市本町1-4-33,,35.75937,139.53204,5,7
ウエルシア薬局東久留米滝山店,東久留米市,東久留米市滝山1-8-20,,35.74884,139.51006,5,7
ウエルシア薬局ダイエー武蔵村山店,武蔵村山市,武蔵村山市伊奈平3-36-1,,35.73571,139.37914,5,7
ウエルシア薬局南多摩駅前店,稲城市,稲城市大丸1007番地の2,,35.64903,139.49078,5,7
ウエルシア薬局稲城若葉台アクロスプラザ店,稲城市,稲城市若葉台1丁目55番地,,35.62418,139.47476,5,7
ウエルシア薬局稲城長沼駅店,稲城市,稲城市長沼516-12,,35.63188,139.48749,5,5
ウエルシア薬局田無駅前店,西東京市,西東京市田無町4-2-11 指田ビル1F,,35.72786,139.53912,5,7
クリニックフォア飯田橋,千代田区,千代田区富士見2丁目7番1号飯田橋プラーノ1階,,35.70081,139.74496,5,7
クリニックフォア新橋,港区,港区新橋1丁目4番5号ヒューリックG10ビル9階,,35.6679,139.75917,5,7
医療法人社団エムズ　クリニックフォア有楽町,千代田区,千代田区有楽町2丁目7-1 イトシア B1F,,35.67421,139.76366,5,7
医療法人社団エムズ　クリニックフォア田町,港区,港区芝浦3-1-32なぎさテラス4階,,35.64499,139.74889,5,7
クリニックフォア大手町,千代田区,千代田区大手町1丁目2番1号OtemachiOne地下1階,,35.68774,139.76265,5,7
医療法人社団 大瑛会Ｔケアクリニック浜松町,港区,港区浜松町2ー13ー9 G1ビル2F,,35.65321,139.75539,5,7
医療法人社団　祐真会 御徒町駅前内科クリニック,台東区,台東区上野6-3-5 大口ビル1階,,35.70805,139.77527,5,7
医療法人社団 祐真会 マチノマ大森内科クリニック,大田区,大田区大森西3-1-38 マチノマ大森3F,,35.57465,139.72681,5,7
医療法人社団　祐真会 渋谷宮益坂内科クリニック,渋谷区,渋谷区渋谷2-19-17　第106東京ビル1階,,35.65962,139.70399,5,7
MDT衛生検査所 神田受付センター,千代田区,千代田区鍛治町１−８−１　１階・２階,,35.69258,139.77202,5,5
MDT衛生検査所　銀座受付センター,中央区,中央区銀座5-7-1,,35.67092,139.76434,5,7
MDT衛生検査所 赤坂受付センター,港区,港区赤坂1-9-13 三会堂ビルB1F,,35.66969,139.74373,5,7
MDT衛生検査所 新宿受付センター,新宿区,新宿区新宿4-2-20　MKビル1階,,35.68914,139.70329,5,7
MDT衛生検査所　高田馬場受付センター,新宿区,新宿区高田馬場1-3-12　マルソビル２F,,35.7108,139.7097,5,7
MDT衛生検査所 浅草橋受付センター,台東区,台東区浅草橋1-17-12,,35.6973,139.78595,5,7
MDT衛生検査所　代官山受付センター,渋谷区,渋谷区代官山町18-3　仲野ビル３F,,35.6493,139.70444,5,7
MDT衛生検査所 池袋受付センター,豊島区,豊島区西池袋3-25-8 相馬屋ビル1階,,35.73003,139.70735,5,7
江東区　富岡区民館,江東区,江東区富岡1-16-12,,35.67191,139.79875,5,7
羽田T2_1階到着ロビー5番出口付近,大田区,大田区羽田空港３丁目３−２,,35.54946,139.78389,5,7
羽田TI_1階到着ロビー6番出口付近,大田区,大田区羽田空港３丁目３−２,,35.54946,139.78389,5,7
世田谷区 代田区民センター,世田谷区,世田谷区代田6-34-13,,35.66281,139.66141,5,7
世田谷区　烏山区民センター広場,世田谷区,世田谷区南烏山６丁目２−１９,,35.66868,139.60066,5,7
世田谷区　玉川総合支所 コミュニティ広場,世田谷区,世田谷区等々力３−４−１,,35.60863,139.64839,5,7
世田谷区　経堂駅前道路事業用代替地,世田谷区,世田谷区宮坂3-11,,35.65199,139.63756,5,7
杉並区　阿佐ヶ谷駅南口駅前広場,杉並区,杉並区阿佐谷南3-36,,35.70441,139.63625,5,7
杉並区　高円寺駅北口駅前広場,杉並区,杉並区高円寺北2-6,,35.70581,139.64978,5,7
北区　王子駅前公園,北区,北区王子１丁目7-1,,35.75432,139.73857,5,7
北区　赤羽区民事務所駐輪場,北区,北区赤羽１丁目１−３８,,35.77785,139.72099,5,7
板橋区　常盤台PCR検査センター,板橋区,板橋区常盤台４丁目１４−１,,35.76347,139.67961,5,7
板橋区　蓮根PCR検査センター,板橋区,板橋区蓮根2丁目21−5,,35.78271,139.67702,5,7
板橋区　高島平駅前広場PCR検査センター,板橋区,板橋区高島平８丁目２−１,,35.78877,139.66158,5,7
調布駅前広場,調布市,調布市小島町２丁目４９,,35.65166,139.54337,5,7
町田東急TWINS横,町田市,町田市原町田6-4-1 町田東急ツインズ TWINS EAST 1F,,35.54259,139.44643,5,7
ファイヤークリニック 銀座院,中央区,中央区京橋3-3-11 VOTE京橋 4F,,35.67559,139.76839,5,7
Checkup Center よつば 新大久保店,新宿区,新宿区百人町2丁目5-8科研ビル1階C室,,35.7031,139.70021,5,7
ファイヤークリニック  新宿唾液採取センター,新宿区,新宿区新宿6-11-9 1F,,35.69424,139.70822,5,7
ファイヤークリニック 新宿院,新宿区,新宿区新宿3-9-5 ゴールドビル8階,,35.69133,139.70686,5,7
Checkup Centerよつば 上野店,台東区,台東区東上野6-8-7,,35.71249,139.78377,5,7
Checkup Centerよつば　武蔵小山店,品川区,品川区小山4-2-3 ザ・シティ武蔵小山5階,,35.61944,139.70274,5,7
ファイヤークリニック 渋谷院,渋谷区,渋谷区神南1丁目12-14 星ビル 1階,,35.6632,139.70082,5,7
Checkup Centerよつば 荻窪店,杉並区,杉並区天沼2-42-23　千代田ハイツ荻窪104,,35.71054,139.62598,5,7
Checkup Centerよつば 亀有店,葛飾区,葛飾区亀有5-30-2-1F,,35.76743,139.84702,5,7
Checkup Centerよつば 金町店,葛飾区,葛飾区東金町3-33-6,,35.77304,139.87218,5,7
PCR検査センター受付 立川店,立川市,立川市曙町2-7-5 1階,,35.69975,139.41391,5,7
ヘルス・マネジメント・クリニック,中央区,中央区八重洲2-11-2 城辺橋ビル1階,,35.67577,139.76701,5,7
医療法人社団ベスリ会東京TMSクリニック　大規模PCR検査センター（赤坂見附駅前）,港区,港区赤坂3-2-6　赤坂光映ビル 1階・地下1階,,35.67599,139.73752,5,7
みどり薬局,台東区,台東区蔵前4-21-9,,35.70488,139.78993,5,7
薬局トモズ大手町カンファレンスセンター店,千代田区,千代田区大手町一丁目3番2号 大手町カンファレンスセンターB1F,,35.69013,139.76237,5,7
薬局トモズ大手町プレイス店,千代田区,千代田区大手町2-3-1 大手町プレイス・ウエストタワーB1F,,35.68678,139.76743,5,7
薬局トモズ神田和泉町店,千代田区,千代田区神田和泉町1番地 住友商事神田和泉町ビル 1階,,35.69919,139.77597,5,7
薬局トモズ水天宮前店,中央区,中央区日本橋人形町1-13-9 藤和日本橋人形町コープ1階,,35.68365,139.78374,5,7
薬局トモズ築地店,中央区,中央区築地1-12-12 SIビル1階,,35.6686,139.7702,5,7
薬局トモズ茅場町店,中央区,中央区日本橋茅場町2-10-5 住友生命茅場町ビル 1F,,35.67846,139.77876,5,7
薬局トモズ銀座三丁目店,中央区,中央区銀座三丁目10-1 1階,,35.67126,139.7682,5,7
薬局トモズ銀座八丁目店,中央区,中央区銀座8-12-1 セイコー銀座ビル1階,,35.6674,139.76286,5,7
薬局トモズ浜松町店,港区,港区浜松町1-29-6 浜松町セントラルビル1階,,35.65683,139.7558,5,7
薬局トモズ麻布十番店,港区,港区麻布十番3-7-11シャトーデスポワール麻布101号,,35.65363,139.73485,5,7
薬局トモズ女子医大前２号店,新宿区,新宿区若松町3-3 井関ビル,,35.6982,139.72012,5,7
薬局トモズ女子医大前店,新宿区,新宿区若松町3-2,,35.6982,139.72012,5,7
薬局トモズ新宿二丁目店,新宿区,新宿区新宿2-5-10 成信ビル1階,,35.68931,139.70692,5,7
薬局トモズ高田馬場店,新宿区,新宿区高田馬場3-12-2 高田馬場OCビル1F,,35.7131,139.70003,5,7
ベイ薬局 本所店,墨田区,墨田区本所4-14-5,,35.70375,139.80579,5,7
薬局トモズ 向島店,墨田区,墨田区八広1-7-1,,35.72169,139.82236,5,7
薬局トモズ 押上店,墨田区,墨田区押上1-11-4レガーレ伊勢元1階,,35.7102,139.81406,5,7
薬局トモズ両国店,墨田区,墨田区横網1-10-12 高安ビル,,35.69822,139.79482,5,7
ベイ薬局亀戸三丁目店,江東区,江東区亀戸3-50-4,,35.70431,139.82352,5,7
ベイ薬局扇橋店,江東区,江東区扇橋2-17-3秋元ビル1階,,35.68399,139.81642,5,7
薬局トモズ 亀戸東口店,江東区,江東区亀戸6-58-12 Y&Sビル,,35.69682,139.82744,5,7
薬局トモズ 有明ガーデン店,江東区,江東区有明2-1-8-2階,,35.63832,139.79355,5,7
薬局トモズ 東大島店,江東区,江東区大島7-39-1 ソフィア東大島105,,35.69202,139.84338,5,7
薬局トモズ パークシティ武蔵小山ザモール店,品川区,品川区小山3-15-1,,35.62006,139.70473,5,7
薬局トモズ 中延店,品川区,品川区東中延2-7-16,,35.60736,139.71259,5,7
薬局トモズ 五反田店,品川区,品川区西五反田2-28-5,,35.62465,139.7209,5,7
薬局トモズ エトモ祐天寺店,目黒区,目黒区祐天寺2-13-4,,35.63737,139.69092,5,7
薬局トモズ 洗足店,目黒区,目黒区洗足2-7-15,,35.6116,139.6937,5,7
薬局トモズ 蒲田店,大田区,大田区西蒲田七丁目66番4号 1階,,35.56229,139.71446,5,7
薬局トモズ 長原店,大田区,大田区上池台1-13-6 三葉ビル1階,,35.60275,139.69736,5,7
薬局トモズ 上馬店,世田谷区,世田谷区上馬3-6-11 コンフォリア世田谷上馬 1F,,35.63482,139.66437,5,7
薬局トモズ 下北沢店,世田谷区,世田谷区代田6-1-28 白洋ビル1階,,35.66206,139.66507,5,7
薬局トモズ 代沢店,世田谷区,世田谷区代沢5-8-14,,35.65636,139.66776,5,7
薬局トモズ 成城南口店,世田谷区,世田谷区成城2-40-2成城駅前1F,,35.63962,139.59837,5,7
薬局トモズ 等々力北口店,世田谷区,世田谷区等々力三丁目5番2号,,35.6088,139.64766,5,7
薬局トモズ 等々力南口店,世田谷区,世田谷区等々力2-32-14,,35.60808,139.64775,5,7
薬局トモズ 野沢店,世田谷区,世田谷区野沢二丁目5番20号,,35.63246,139.67091,5,7
薬局トモズ 駒沢店,世田谷区,世田谷区駒沢四丁目1番1号ノア駒沢B1階,,35.62602,139.65504,5,7
薬局トモズ 駒沢駅前店,世田谷区,世田谷区上馬4-4-5,,35.6335,139.66124,5,7
薬局トモズ上野毛店,世田谷区,世田谷区中町2-23-10,,35.61365,139.64265,5,7
薬局トモズ 幡ヶ谷店,渋谷区,渋谷区西原2-31-4,,35.67601,139.67706,5,7
薬局トモズ 渋谷並木橋店,渋谷区,渋谷区渋谷三丁目10-13 渋谷Rサンケイビル1階,,35.65703,139.70532,5,7
薬局トモズ 新高円寺店,杉並区,杉並区梅里1-6-1カーサクロヤナギ1階,,35.69739,139.6483,5,7
薬局トモズ 東高円寺店,杉並区,杉並区高円寺南1-7-4,,35.69867,139.65759,5,7
薬局トモズ 梅里店,杉並区,杉並区梅里2-9-8,,35.69751,139.64569,5,7
薬局トモズ 西永福店,杉並区,杉並区永福4-19-3,,35.67997,139.63683,5,7
薬局トモズ 西荻窪店,杉並区,杉並区西荻北三丁目19番1号,,35.70441,139.59976,5,7
薬局トモズ 上板橋北口店,板橋区,板橋区常盤台4-31-3,,35.76427,139.67729,5,7
薬局トモズ 上板橋南口店,板橋区,板橋区上板橋1-25-10 JTプラザ上板橋1F,,35.76272,139.67548,5,7
薬局トモズ 下赤塚店,板橋区,板橋区赤塚2-2-18,,35.77117,139.64517,5,7
薬局トモズ 大山店,板橋区,板橋区大山町36-10くじゃくやビル1階,,35.74943,139.70041,5,7
薬局トモズ 大谷口店,板橋区,板橋区大谷口2-67-3,,35.7474,139.68613,5,7
薬局トモズ Coconeri店,練馬区,練馬区練馬1-17-1 2階,,35.73934,139.65359,5,7
薬局トモズ 大泉学園店,練馬区,練馬区東大泉1丁目31-1,,35.75012,139.58716,5,7
薬局トモズ 練馬高野台店,練馬区,練馬区高野台1-7-33,,35.74119,139.61568,5,7
薬局トモズ石神井公園店,練馬区,練馬区石神井町二丁目8番21号MJYビル1階,,35.74396,139.60867,5,7
薬局トモズ お花茶屋店,葛飾区,葛飾区宝町二丁目34番16号 1階,,35.74648,139.83949,5,7
薬局トモズ 葛飾青戸店,葛飾区,葛飾区青戸8-3-10 リバティー亀有?,,35.75608,139.85005,5,7
エース調剤薬局,江戸川区,江戸川区松江2-16-5 池田マンション1階,,35.70269,139.87305,5,7
セルフ調剤薬局松江店,江戸川区,江戸川区松江2-43-8,,35.70245,139.87556,5,7
セルフ調剤薬局葛西店,江戸川区,江戸川区東葛西6-15-16 ステラ?スゴン1階,,35.66217,139.87599,5,7
薬局トモズ 椚田店,八王子市,八王子市椚田町557-25,,35.63609,139.30606,5,7
薬局トモズ 東小金井店,小金井市,小金井市梶野町5-2-27,,35.70203,139.5224,5,7
薬局トモズ 花小金井店,小平市,小平市花小金井4-32-9,,35.73528,139.51236,5,7
薬局トモズ 久米川店,東村山市,東村山市栄町1-5-6,,35.74998,139.47368,5,7
薬局トモズ清瀬店,清瀬市,清瀬市元町1-3-10,,35.77271,139.52104,5,7
さくら薬局　荻窪店,杉並区,杉並区天沼三丁目6番17号,,35.7069,139.61916,5,7
ファーコス薬局　千住桜木,足立区,足立区千住桜木2-11-7,,35.75542,139.78929,5,7
薬局ワンザファーマシー,江東区,江東区有明3-6-11東京ファッションタウンビル東館 2 階,,35.63221,139.78952,5,7
医療法人社団MYメディカル　MYメディカルクリニック大手町,千代田区,千代田区大手町2-3-1 大手町プレイス地下2階,,35.68678,139.76743,5,7
神田神保町の接骨院・はり灸院,千代田区,千代田区神田神保町2-2太田ビル1階,,35.69622,139.75734,5,7
文京ガーデンSmile接骨院・はり灸院,文京区,文京区小石川1-1-7  文京ガーデンセンターテラス101,,35.70877,139.75291,5,7
みのる整骨院,江東区,江東区大島5丁目47-5-102,,35.6897,139.83769,5,7
おおもりまち駅の接骨院・はり灸院,大田区,大田区大森西5-9-3,,35.5719,139.72949,5,7
三軒茶屋栄通りの接骨院・はり灸院,世田谷区,世田谷区三軒茶屋1-35-3  スプラウトビル1階,,35.6425,139.67249,5,7
下北沢駅の接骨院・はり灸院,世田谷区,世田谷区北沢2丁目17-14,,35.66004,139.6669,5,7
世田谷の鍼灸整骨院,世田谷区,世田谷区船橋1丁目11−3,,35.64732,139.62231,5,7
焼肉うしお三軒茶屋店,世田谷区,世田谷区三軒茶屋２丁目１５−１４ ＡＢＣビル 2F,,35.64285,139.66867,5,7
豪徳寺の鍼灸整骨院,世田谷区,世田谷区豪徳寺1丁目25-6BEANS・Q1F,,35.65378,139.64758,5,7
医療法人社団MYメディカル　MYメディカルクリニック渋谷,渋谷区,渋谷区宇田川町20-17 NMF渋谷公園通りビル4階,,35.66085,139.70029,5,7
笹塚2丁目の接骨院・はり灸院,渋谷区,渋谷区笹塚2丁目10-4,,35.67555,139.66832,5,7
ナカノのセイコツイン,中野区,中野区上高田2丁目58-13,,35.71421,139.67018,5,7
中野通り整骨院,中野区,中野区中野2丁目29-7 はとやビル 1F,,35.70362,139.66574,5,7
早稲田通りの整骨院,中野区,中野区中野5丁目49-6 森田ビル1階,,35.70976,139.66692,5,7
駒込中里整骨院・はり灸院,北区,北区中里2-3-2  久喜第2ビル,,35.73863,139.74873,5,7
八王子並木町の接骨院・はり灸院,八王子市,八王子市並木町35-1  八王子マーケットプレイス2F,,35.65554,139.30397,5,7
仙川の鍼灸整骨院,調布市,調布市仙川町2丁目21-15,,35.66262,139.58392,5,7
武蔵小金井のはり灸整骨院,小金井市,小金井市本町1丁目8-5ライズステージ武蔵小金井1階,,35.6993,139.50699,5,7
光ヶ丘通り整骨院,小平市,小平市鈴木町2丁目204-27  ルミエール花小金井1Ｆ,,35.72614,139.50551,5,7
小川の整骨院,小平市,小平市小川東町1-20-1,,35.73779,139.46362,5,7
百草園の鍼灸整骨院,日野市,日野市三沢1丁目11-3,,35.65835,139.42511,5,7
七福整骨院,西東京市,西東京市谷戸町3丁目9‐5  ひばりメディカルモール1F,,35.74512,139.54356,5,7
ザ・ビッグ昭島店薬局,昭島市,昭島市宮沢町500-1,,35.71625,139.3732,5,7
墨田区新型コロナ無料検査場,墨田区,墨田区緑2-18-3　藤ビル1階,,35.69542,139.80055,5,7
葛飾新型コロナ無料検査場,葛飾区,葛飾区東金町2-19-11,,35.77282,139.86867,5,7
小岩新型コロナ無料検査場,江戸川区,江戸川区南小岩8-14-7,,35.73366,139.88376,5,7
八王子新型コロナ無料検査場,八王子市,八王子市左入町957-6　池田ビル105号,,35.67764,139.32965,5,7
東京薬科大学附属薬局,八王子市,八王子市大谷町178-11,,35.67282,139.34883,5,5
アステル薬局　無料PCR検査センター　神田駅北口,千代田区,千代田区内神田3-20-7　TC33神田駅前ビル地下2階,,35.69286,139.77092,5,7
アステル薬局　無料PCR検査センター　銀座,中央区,中央区銀座3-9-18　東銀座ビル402,,35.67153,139.76779,5,7
アステル薬局　無料PCR検査センター　田町駅,港区,港区芝浦3-12-4　都ビル1階,,35.64252,139.74911,5,7
アステル薬局　無料PCR検査センター　亀戸駅,江東区,江東区亀戸5-15-4　510ビル3F,,35.70012,139.82574,5,7
アステル薬局　無料PCR検査センター　武蔵小山駅,品川区,品川区小山3-26-3　ハイツ武蔵小山1階,,35.61961,139.70369,5,7
アステル薬局　無料PCR検査センター　池袋駅,豊島区,豊島区西池袋1-18-10　第2大久保ビル,,35.73137,139.70897,5,7
株式会社エムビックらいふ移動式PCR検査センター,品川区,品川区東品川2-2-24,,35.62175,139.74919,5,7
株式会社エムビックらいふ移動式抗原検査センター,品川区,品川区東品川2-2-24,,35.62175,139.74919,5,7
望星築地薬局,中央区,中央区明石町11-15,,35.66702,139.77522,5,7
有限会社三共薬品 三共薬局,東久留米市,東久留米市滝山4-13-12,,35.74543,139.50389,5,7
モティーフ銀座クリニック,中央区,中央区銀座1丁目7-6  銀座河合ビル4階,,35.67442,139.76804,5,7
インディバークリニック,港区,港区海岸3-26-1 バーク芝浦ビル 5F,,35.64548,139.75865,5,7
メディカル・コンシェルジェ? 墨田第二検体採取所,墨田区,墨田区墨田3-37-7,,35.73186,139.82089,5,7
メディカルコンシェルジェ?ＭＣ遺伝子検査研究所,墨田区,墨田区石原2-25-5 めぞん両国1F,,35.70196,139.80205,5,7
メディカルコンシェルジェ?ＭＣ遺伝子検査第二研究所,杉並区,杉並区堀ノ内3-49-9 1F,,35.69215,139.65398,5,7
サンドラッグ青物横丁薬局,品川区,品川区南品川2-7-12,,35.611,139.74365,5,7
サンドラッグ萩中薬局,大田区,大田区萩中一丁目6番19号,,35.55214,139.72862,5,7
サンドラッグ経堂農大通り薬局,世田谷区,世田谷区経堂一丁目23番14号,,35.64996,139.63612,5,7
サンドラッグ赤堤薬局,世田谷区,世田谷区赤堤3-24-4,,35.65714,139.63719,5,7
南烏山調剤薬局,世田谷区,世田谷区南烏山六丁目7番1号,,35.66891,139.59923,5,7
サンドラッグCARER渋谷駅前薬局,渋谷区,渋谷区道玄坂二丁目3番2号 大外ビル2階,,35.65928,139.70007,5,7
サンドラッグ高島平薬局,板橋区,板橋区高島平八丁目13番6号,,35.78952,139.66235,5,7
サンドラッグ竹ノ塚薬局,足立区,足立区竹の塚5-7-3 JOYプラザ1階,,35.79463,139.79491,5,7
サンドラッグ西新井薬局,足立区,足立区西新井六丁目42番10号,,35.78244,139.778,5,7
サンドラッグ西葛西薬局,江戸川区,江戸川区西葛西4-2-28,,35.66786,139.8625,5,7
サンドラッグフォレストモール八王子大和田薬局,八王子市,八王子市大和田町五丁目7番18号,,35.66322,139.34912,5,7
サンドラッグ京王堀之内駅前薬局,八王子市,八王子市別所2-1VIAナガイケ店内1F,,35.62405,139.40106,5,7
サンドラッグ南大沢薬局,八王子市,八王子市南大沢2-25フォレストモール1階,,35.61315,139.38161,5,7
フォレスト南大沢薬局,八王子市,八王子市南大沢二丁目25番地2,,35.61315,139.38161,5,7
サンドラッグ立川羽衣町薬局,立川市,立川市羽衣町2-67-1,,35.6911,139.42912,5,7
サンドラッグ三鷹牟礼薬局,三鷹市,三鷹市牟礼5-8-11,,35.68357,139.5779,5,7
サンドラッグ中河原薬局,府中市,府中市住吉町5-17-32,,35.65746,139.45616,5,7
サンドラッグ東府中薬局,府中市,府中市若松町1-38-1,,35.67015,139.49918,5,7
小田薬局,府中市,府中市押立町四丁目9番地9,,35.65528,139.51273,5,7
サンドラッグ昭島松原町薬局,昭島市,昭島市松原町1-4-13,,35.7126,139.35654,5,7
サンドラッグ西武立川薬局,昭島市,昭島市美堀町1-1-1ヤオコー西武立川駅前店2階,,35.72554,139.36977,5,7
サンドラッグ下石原薬局,調布市,調布市下石原二丁目61番地1,,35.65151,139.53654,5,7
サンドラッグ調布南口薬局,調布市,調布市小島町二丁目51番地3 ロイヤルプラザ1階,,35.65059,139.54317,5,7
サンドラッグ町田木曽薬局,町田市,町田市木曽西三丁目19番地1,,35.57368,139.41937,5,7
サンドラッグ小金井梶野町薬局,小金井市,小金井市梶野町1-7-32,,35.70496,139.52965,5,7
サンドラッグ東村山富士見町薬局,東村山市,東村山市富士見町1丁目2-50,,35.74461,139.45692,5,7
サンドラッグ東村山青葉町薬局,東村山市,東村山市青葉町2-25-1,,35.76207,139.49025,5,7
サンドラッグ国分寺本町薬局,国分寺市,国分寺市本町2-11-5　矢野ビル1階,,35.70176,139.48131,5,7
サンドラッグ東久留米八幡町薬局,東久留米市,東久留米市八幡町1-9-28,,35.75895,139.51485,5,7
サンドラッグ東久留米前沢薬局,東久留米市,東久留米市前沢4-3-21?高橋ビル,,35.74578,139.51361,5,7
医道五十三次クリニック,品川区,品川区北品川1-22-17 ニックハイム北品川109,,35.62218,139.74042,5,7
TOKYOひまわりクリニック,中央区,中央区銀座7-8-8 isgBUILDING 8階,,35.66914,139.76245,5,7
医療法人ひまわり会PCR検査センター東府中,府中市,府中市若松町2-7-7 センチュリーパレス101,,35.67183,139.49466,5,7
茅場町駅前／水天宮前PCR検査センター,中央区,中央区新川1-19-10 アルファスタイル茅場町１階,,35.67767,139.78563,5,7
麻布十番駅前PCR検査センター,港区,港区麻布十番３丁目１１−１０パークハウス麻布十番アーバンス1F,,35.65282,139.73535,5,7
飯田橋駅前PCR検査センター,新宿区,新宿区下宮比町2-30 小林ビル1階,,35.70352,139.7437,5,7
学芸大学駅前PCR検査センター,目黒区,目黒区鷹番3-3-18,,35.62851,139.68536,5,7
桜新町駅前PCR検査センター,世田谷区,世田谷区桜新町1-8-14-1階,,35.62989,139.64432,5,7
中野駅前PCR検査センター,中野区,中野区中野2-30-13-1階,,35.70455,139.66573,5,7
巣鴨駅前pcr検査センター,豊島区,豊島区巣鴨1丁目19-12　はい原ビル1階,,35.7318,139.74014,5,7
駒込駅前PCR検査センター,豊島区,豊島区駒込3-3-21メリービルB1,,35.73728,139.74582,5,7
赤羽駅前PCR検査センター,北区,北区赤羽1-36-10 サンヨー本社ビル地下1階,,35.78156,139.72124,5,7
立川駅前PCR検査センター,立川市,立川市柴崎町3-7-17立川Ｎ2ビル1階,,35.69643,139.41206,5,7
町田駅前PCR検査センター,町田市,町田市原町田6-21-24松沢ビル2階,,35.54338,139.44798,5,7
国分寺駅前pcr検査センター,国分寺市,国分寺市本町３−６−１４　峯岸ビル１階,,35.70161,139.47951,5,7
東京上野駅前トラベルクリニック,台東区,"台東区上野4-5-11　安富ビル1,2F",,35.70895,139.7737,5,7
東京ベイクリニック,港区,港区海岸1-16-1 ニューピア竹芝サウスタワー4階,,35.6529,139.76247,5,7
医療法人社団　創生会　無料PCR検査センター神田1号店,千代田区,千代田区外神田6-11-11小林革具ビル1階,,35.70415,139.7708,5,7
医療法人社団　創生会　無料PCR検査センター神田2号店,千代田区,千代田区神田須田町1-34　first k.kビル1階,,35.69435,139.76988,5,7
株式会社 コーラルベリー,中央区,中央区日本橋人形町3-3-10日本橋TECビル6階　　　　　　,,35.68599,139.78038,5,7
医療法人社団 創生会 御徒町仲内科クリニック,台東区,台東区上野4-2-1　江戸っ子ビル4F,,35.70823,139.77405,5,7
未来株式会社,豊島区,豊島区南大塚2-41-10　河野ビル1FA,,35.72971,139.72942,5,7
ぷっく薬局,日野市,日野市多摩平6-37-3メゾン田中101号室,,35.67032,139.38504,5,7
薬局 恵比寿ファーマシー,渋谷区,渋谷区恵比寿1-22-23-102,,35.64624,139.71382,5,7
SmartAmp Station,中央区,中央区日本橋3-14-3江戸橋ビル1階及び2階,,35.67954,139.77486,5,7
SmartAmp Station 東京ドームシティ店,文京区,文京区後楽1-3-61 黄色いビル1F,,35.70528,139.75171,5,7
立川立飛南地区38号棟PCR検査センター,立川市,立川市高松町１丁目１００−３８,,35.70683,139.41339,5,7
アイン薬局　東大店,文京区,文京区本郷7丁目3番1号 南研究棟1F B区画,,35.71415,139.76321,5,7
アイン薬局　三崎店,千代田区,千代田区神田駿河台ニ丁目2番地御茶ノ水杏雲堂ビル1階,,35.698,139.76244,5,5
アイン薬局　大手町店,千代田区,千代田区大手町1-9-7 フィナンシャルシティサウスタワー1F,,35.68829,139.76541,5,7
アイン薬局　動坂店,文京区,文京区千駄木4丁目16-2,,35.73157,139.75986,5,7
MyPass PCR日本橋,中央区,中央区日本橋蛎殻町1丁目1-9,,35.68087,139.78352,5,7
株式会社抗加齢医学研究所,港区,港区新橋2-16-1　ニュー新橋ビル3階328,,35.66631,139.7574,5,7
ノムラ薬局　玉川上水店,立川市,立川市幸町6-37-1,,35.73109,139.42274,5,7
調剤薬局バルナバ 大森店,大田区,大田区大森北3−5−2 京浜マンション101,,35.5842,139.73325,5,7
市谷八幡クリニック　9階,新宿区,新宿区市谷八幡町11番地1東京医進学院本部ビル9階,,35.69249,139.73419,5,7
すばる薬局,品川区,品川区南大井3-16-11　グラントーレ大森101,,35.59013,139.73402,5,7
あおぞらクリニック　新橋院,港区,港区新橋２−１６−１　ニュー新橋ビル３階３２０号室,,35.66631,139.7574,5,7
あおぞらクリニック　新橋院,港区,港区新橋２−１６−１　ニュー新橋ビル３階３０５号室,,35.66631,139.7574,5,7
六本木漢方薬局,港区,港区六本木3丁目15番24号アリエスビル1F,,35.66252,139.73567,5,7
国立駅前歯科,国立市,国立市北1−5−8プラース壱番館2F,,35.69991,139.44736,5,7
木村歯科医院,国立市,国立市北1−7−1クレッセント国立ディアナプレイス121号室,,35.69982,139.44548,5,7
医療法人社団JOY エミーナジョイクリニック銀座,中央区,中央区銀座2-11-8　ラウンドクロス銀座二丁目2階,,35.67189,139.76875,5,7
ブレインクリニック 神保町出張所,千代田区,千代田区神田小川町3-10-14,,35.6961,139.76117,5,7
向日葵旅行（エクセレンスジャパン株式会社）,千代田区,千代田区外神田2-13-5 MINTRON秋葉原ビル6階,,35.70207,139.7691,5,7
アクアラグーン　PCR検査センター,中央区,中央区新富1-8-13　1階,,35.67262,139.77428,5,7
株式会社トラベルキッズ,港区,港区麻布十番2-14-6　イイダビル6階,,35.6549,139.73561,5,7
ドゥーイング,新宿区,新宿区下落合1-5-22,,35.71588,139.70146,5,7
ブレインクリニック浜松町　クロス新宿検査所,新宿区,新宿区新宿3-23-18,,35.69339,139.70085,5,7
ブレインクリニック タイムズ蒲田第３４出張所,大田区,大田区蒲田5-7,,35.56303,139.71976,5,7
TMS　恵比寿トラベルサロン,渋谷区,渋谷区恵比寿南2-3-12　je1ビル5階,,35.64541,139.70764,5,7
株式会社冨士トラベル東京,渋谷区,渋谷区円山町２０−１新大宗道玄坂上ビル３F,,35.65627,139.69489,5,7
ブレインクリニック 荻窪駅北口出張所,杉並区,杉並区上荻1-7-2 1F,,35.70462,139.62061,5,7
ブレインクリニック 阿佐谷パールセンター商店街出張所,杉並区,杉並区阿佐谷南1-35-18,,35.7022,139.63632,5,7
シティトラベルサービス株式会社,豊島区,豊島区北大塚2-21-2　柏ビル1F,,35.73519,139.72719,5,7
キャンディツアー　王子店,北区,北区王子本町1-1-20,,35.75325,139.73563,5,7
有限会社東京ツーリスト,荒川区,荒川区東尾久６-８-３,,35.74576,139.77432,5,7
小岩駅北口前検査所,江戸川区,江戸川区西小岩１丁目２４−１ 小岩駅前北口ロータリー,,35.73377,139.88158,5,7
峰観光社,江戸川区,江戸川区中葛西５−４１−４　ESビル１F,,35.66164,139.87242,5,7
旅計画・エバーグリーンツーリスト,江戸川区,江戸川区東葛西２−１５−２,,35.66812,139.87657,5,7
葛西南口駅前検査所,江戸川区,江戸川区中葛西５丁目４３−２０,,35.66345,139.87245,5,7
ベストツアー多摩,調布市,調布市国領町3-3-20　よろずやビル２階,,35.64863,139.55922,5,7
株式会社たび職人（保谷ゴルフセンター内）,西東京市,西東京市保谷町５−１６−４,,35.73425,139.54788,5,7
ミサワ薬局青戸本店,葛飾区,葛飾区青戸3−31−8,,35.74588,139.85446,5,7
リボーン薬局船堀店,江戸川区,江戸川区船堀3-16-5,,35.68122,139.86642,5,7
東麻布PCR検査センター,港区,港区東麻布3-4-16 2階,,35.65732,139.7374,5,7
泉岳寺採取所,港区,港区高輪2-19-20　財界二世学院ビル8階,,35.6392,139.7412,5,7
ｍedical４ｍen clinic,中野区,中野区東中野2-24-13　スイートルーム202,,35.7054,139.68221,5,7
東中野PCR検査センター 101採取所,中野区,中野区東中野2-24-13　 スイートルーム101,,35.7054,139.68221,5,7
赤羽採取所,北区,北区赤羽2-23-2　鵬ビル2階,,35.78006,139.72435,5,7
新宿PCRセンター東口店,新宿区,新宿区新宿3-34-9メトロ会館　地上1階,,35.69047,139.70256,5,7
渋谷PCRセンター宮益坂店,渋谷区,渋谷区渋谷1-8-3　TOC第一ビル1F,,35.66027,139.70534,5,7
くろみん薬局,渋谷区,渋谷区渋谷3-27-15-2階,,35.65574,139.70473,5,7
東栄薬局,葛飾区,葛飾区東金町3-20-12,,35.77161,139.87354,5,7
アリア六本木クリニック,港区,港区六本木3-11-8みのちビル6階,,35.66316,139.73289,5,7
つばさ薬局,青梅市,青梅市長淵7-331-2,,35.78182,139.26344,5,7
医療法人社団良徳会　RCクリニック,渋谷区,渋谷区神宮前三丁目42番2号　VORT外苑前?地下1階,,35.67125,139.71396,5,7
オリーブ薬局(中延店),品川区,品川区東中延2-6-19,,35.60819,139.71259,5,7
あじさい薬局,板橋区,板橋区前野町6-34-12 グレイス常盤台104号,,35.76714,139.68591,5,7
しろくま薬局,板橋区,板橋区常盤台3-23-6 K&Aステラ1F,,35.76346,139.68414,5,7
青島薬局,練馬区,練馬区三原台1-28-2ファミール庚申1階,,35.75061,139.60378,5,7
小江戸薬局(西新井店),足立区,足立区西新井栄町2-3-13 中里ビル4階,,35.77645,139.78964,5,7
明倫堂薬局(青梅),青梅市,青梅市東青梅4-17-28,,35.78349,139.2812,5,7
くすのき薬局,府中市,府中市清水が丘1-1-3 第一勇心ビル401,,35.66933,139.49422,5,7
サクラ咲く薬局,世田谷区,世田谷区桜新町2-27-2コーポラス田中101,,35.63118,139.63969,5,7
クスリのナカヤマ薬局 千歳鳥山店,世田谷区,世田谷区南烏山5丁目19-13　 武藤ビル１F,,35.66687,139.60229,5,7
クスリのナカヤマ薬局 喜多見駅前店,世田谷区,世田谷区喜多見8丁目18-12 コーポ真木,,35.63623,139.58826,5,7
クスリのナカヤマ薬局 和泉多摩川店,狛江市,狛江市東和泉3丁目8-1,,35.62616,139.57396,5,7
上原薬局,稲城市,稲城市東長沼532番地ジョイビル1階,,35.64561,139.50304,5,7
こころ薬局,世田谷区,世田谷区奥沢2丁目14−3,,35.6056,139.67271,5,7
サルスクリニック武蔵境,武蔵野市,武蔵野市境1-15-5グランシャルール武蔵境3F,,35.70259,139.54599,5,7
ユキワ薬局,八王子市,八王子市南大沢2丁目27 フレスコ南大沢 B1F,,35.61188,139.37947,5,7
株式会社アイセイ薬局　堀之内店,八王子市,八王子市堀之内3-35-13  谷合ビル101,,35.6254,139.40033,5,7
下落合検査会場,新宿区,新宿区下落合3-21-1　NKフジビル8階,,35.72293,139.70087,5,7
大久保検査会場,新宿区,新宿区大久保2-18-18　NSビル１F,,35.70144,139.70529,5,7
歌舞伎町検査会場,新宿区,新宿区歌舞伎町2-41-12　泉ビル１F,,35.69786,139.70227,5,7
上野仲町通り検査会場,台東区,台東区上野2-12-4 5F,,35.70955,139.77234,5,7
上野御徒町検査会場,台東区,台東区上野5-10-11,,35.70463,139.77431,5,7
仲御徒町駅前検査会場,台東区,台東区台東4-11-2　紫光ビル101,,35.70686,139.77655,5,7
入谷検査会場,台東区,台東区北上野２丁目 ３０−９  鳳凰（ほうおう）ビル1F,,35.71954,139.78423,5,7
御徒町駅前検査会場,台東区,台東区上野3-22-1 　ReAxesBldg.4F,,35.70633,139.77365,5,7
新御徒町検査会場,台東区,台東区三筋1-15-7  7F,,35.70429,139.78696,5,7
浅草橋検査会場,台東区,台東区浅草橋2-5-4大矢ビル1F,,35.69897,139.78496,5,7
鳥越検査会場,台東区,台東区鳥越２丁目２−１５,,35.702,139.78705,5,7
錦糸町検査会場,墨田区,墨田区太平4-5-15君塚ビル1F,,35.70159,139.81827,5,7
西糀谷検査会場,大田区,大田区西糀谷3-4-5 IKビル2F,,35.55639,139.73524,5,7
荻窪検査会場,杉並区,杉並区荻窪4-28-12　ピースビル4F,,35.70355,139.62505,5,7
池袋検査会場,豊島区,豊島区池袋1-15-7,,35.73678,139.71176,5,7
上板橋検査会場,板橋区,板橋区上板橋3-21-1 フジハイツ 1F.2F,,35.76628,139.67212,5,7
中板橋検査会場,板橋区,板橋区中板橋22番1号　吉池ビル2階,,35.75538,139.69676,5,7
亀有検査会場,葛飾区,葛飾区亀有3-18-2　セントラルエクセル2F,,35.76456,139.84808,5,7
三鷹検査会場,三鷹市,三鷹市上連雀6-11-4　メゾンランヴィーヌ１F,,35.69275,139.5596,5,7
武蔵村山検査会場,武蔵村山市,武蔵村山市中原2-49-3,,35.75408,139.36211,5,7
ＰＳＳ　新宿ＰＣＲ検査センター,新宿区,新宿区西新宿1-15-8 第3セイコービル1階,,35.689,139.69731,5,7
江東メディカルタワー【江東健診クリニック】,江東区,江東区亀戸6-41-10,,35.69648,139.83054,5,7
株式会社ジーンサイエンス,千代田区,千代田区麹町2丁目6−7 Star Building2階,,35.6848,139.73985,5,7
株式会社銀座・トマト,中央区,中央区銀座8-10-4 6F,,35.66779,139.76231,5,7
医療法人社団 健若会　東京予防医療クリニック,港区,港区赤坂3丁目13−10  新赤坂ビル 3階〜5階,,35.67347,139.73735,5,7
メタボスクリーン東京第一研究所・コロナバスター東京本部,台東区,台東区日本堤1-32-3 梅舟ビル3階,,35.72567,139.79672,5,7
PCR検査センター東京ラボ・コロナバスター西尾久店,荒川区,荒川区西尾久7-7-4 武田ビル1階,,35.75008,139.7571,5,7
?医療法人社団昌医会グループ遺伝子検査Lab,江戸川区,江戸川区東葛西6-4-3　第3ロイヤルシラコビル3階,,35.66318,139.87451,5,7
?医療法人社団昌医会グループ遺伝子検査Lab バスでの検体採取　-　1,江戸川区,江戸川区船堀3丁目5−7,,35.68237,139.86484,5,7
スパーテル薬局南せんぞく,大田区,大田区南千束一丁目1番6号 南千束山本ビル1階,,35.60418,139.6974,5,7
なごみ薬局,武蔵野市,武蔵野市境2-13-5-101,,35.7028,139.54248,5,7
エコ薬局,西東京市,西東京市新町1-14-9,,35.71494,139.54405,5,7
アイン薬局 上野店,台東区,台東区東上野3-11-2オルビタールバースビル１F,,35.7101,139.7796,5,7
アイン薬局両国店,墨田区,墨田区横網2-1-11,,35.69976,139.7944,5,7
アイン薬局浅草店,台東区,台東区浅草2-29-14,,35.7153,139.79559,5,7
アイン薬局千束店,台東区,台東区千束三丁目23番9号,,35.72248,139.79349,5,7
えんま通り星薬局,文京区,文京区小石川2-24-14 ピュアレジデンス小石川001,,35.71164,139.75111,5,7
グッド薬局　小石川店,文京区,文京区小石川１−２４−１小石川マンション１Ｆ,,35.71445,139.74907,5,7
稲垣薬局　町田店,町田市,町田市旭町1-10-9,,35.5561,139.43867,5,7
さくら薬局　本店,板橋区,板橋区大谷口上町28-11,,35.74915,139.69266,5,7
さくら薬局　旗の台店,品川区,品川区旗の台１−３−１７,,35.60846,139.70435,5,7
さくら薬局　飯田橋駅前店,新宿区,新宿区下宮比町３−２　日本精鉱ビル１階,,35.70313,139.74297,5,7
マリーン薬局,江戸川区,江戸川区一之江八丁目１５番１７号　クリアウエスト１階,,35.68632,139.88284,5,7
さくら薬局　西八王子店,八王子市,八王子市散田町3-8-2,,35.65566,139.31239,5,7
さくら薬局　武蔵野境4丁目店,武蔵野市,武蔵野市境４−３−１３　サンパレス桜橋１階,,35.70878,139.54324,5,7
さくら薬局　昭島福島店,昭島市,昭島市福島町９０８−１４,,35.70717,139.38364,5,7
さくら薬局　御茶ノ水駅前店,千代田区,千代田区神田駿河台２丁目４番１号,,35.6995,139.76358,5,7
さくら薬局　立石店,葛飾区,葛飾区立石八丁目１番２号グレイスカメリア１０１,,35.7381,139.85049,5,7
マスキ薬局,稲城市,稲城市矢野口293-15,,35.64173,139.51895,5,7
さくら薬局　猿江店,江東区,江東区猿江2-16-5 住吉メディカルモール1階,,35.68556,139.81818,5,7
汐留ガーデンクリニック,港区,港区東新橋1-8-2 カレッタ汐留B1階,,35.66455,139.76227,5,7
麹町皮ふ科・形成外科クリニック,千代田区,千代田区平河町1-4-5　平和第一ビル地下1階,,35.68281,139.73875,5,7
BIOTOPE CLINIC （ビオトープクリニック）,港区,港区白金台4丁目9−10　グリーンリーブス 2F,,35.63797,139.72357,5,7
一般財団法人材料科学技術振興財団 PCR検査センター,世田谷区,世田谷区喜多見1-14-11,,35.62104,139.59416,5,7
くすりの福太郎 東麻布店,港区,港区東麻布3-10-5 オークウッドホテル＆アパートメンツ麻布1階,,35.65583,139.73857,5,7
くすりの福太郎 高田馬場駅西口店,新宿区,新宿区高田馬場4-9-12,,35.71341,139.70277,5,7
くすりの福太郎 白山店,文京区,文京区白山5-36-9,,35.72089,139.75168,5,7
くすりの福太郎 京島１丁目店,墨田区,墨田区京島１丁目2-2 イーストコア曳舟3番館　F１０１号,,35.71729,139.81779,5,7
くすりの福太郎 曳舟店,墨田区,墨田区京島1-25-4 曳舟ダイヤモンドマンション1階 105号A,,35.71548,139.81987,5,7
くすりの福太郎 公団店,江東区,江東区大島6-1-2-102,,35.69347,139.83229,5,7
くすりの福太郎 南砂2丁目店,江東区,江東区南砂2-6-1,,35.67251,139.81987,5,7
くすりの福太郎 東陽町店,江東区,江東区東陽3-27-32 玉河ビル1F,,35.67017,139.81564,5,7
くすりの福太郎 南千住調剤薬局,荒川区,荒川区南千住四丁目7番1号　BiVi 1階,,35.73583,139.80193,5,7
くすりの福太郎 西新井大師前駅店,足立区,足立区西新井1-3-1 東武西新井大師前駅ビル,,35.77926,139.78133,5,7
カラオケ館　新橋本店,港区,港区新橋2-18-2,,35.66702,139.7589,5,7
オリーブ薬局,世田谷区,世田谷区南烏山4-8-14,,35.66943,139.60254,5,7
ケイポート薬局　ホテルエクセレント店,渋谷区,渋谷区恵比寿西1-9-5,,35.64704,139.70824,5,7
りおん薬局本店,板橋区,板橋区蓮沼町24-14,,35.7696,139.703,5,7
クリーン薬局,品川区,品川区東品川3-18-3,,35.61364,139.74983,5,7
荏原町クリーン薬局,品川区,品川区中延5-14-25,,35.60217,139.709,5,7
上平井クリーン薬局,葛飾区,葛飾区西新小岩4-39-23,,35.72039,139.85516,5,7
クリーン薬局新小岩,葛飾区,葛飾区東新小岩5-1-4,,35.71998,139.85699,5,7
BTRアーツ銀座クリニック,港区,港区新橋2-20-15 新橋駅前ビル1号館 201、202,,35.66628,139.75957,5,7
青横ファーマシー薬局,品川区,品川区南品川3-5-8,,35.60962,139.74368,5,7
台場薬局,品川区,品川区東品川1-6-23,,35.62207,139.74275,5,7
大規模PCR検査センター (新宿歌舞伎町),新宿区,新宿区歌舞伎町1-16-3　セレサ陽栄新宿ビル1階,,35.69381,139.702,5,7
PCR検査センター（上野アメ横）,台東区,台東区上野6-10-7 アメ横プラザ9号,,35.70966,139.77487,5,7
青横ファーマシー薬局大井町店,品川区,品川区東大井5-13-3,,35.60675,139.73679,5,7
青横ファーマシー南品川薬局,品川区,品川区南品川2-17-27　三井南品川ハイツ104,,35.61174,139.74452,5,7
抗加齢医学研究所　押上検査センター,墨田区,墨田区押上1丁目25-4,,35.70967,139.81491,5,7
新宿駅前薬局,新宿区,新宿区西新宿1-12-11　山銀ビル6階,,35.68972,139.69725,5,7
日本調剤 ときわ台薬局,板橋区,板橋区常盤台1-2-3,,35.75945,139.68999,5,7
おうえケアとわクリニック,新宿区,新宿区河田町3-10　河田町安田ビル3階,,35.69587,139.72084,5,7
東京港運送株式会社本社,練馬区,練馬区北町5丁目18番2号,,35.76659,139.65372,5,7
東京港ロジオミクス（株）,昭島市,昭島市武蔵野2丁目9番24号,,35.72261,139.37688,5,7
医療法人社団　天裕会　のぞみクリニック築地,中央区,中央区築地7丁目11-5　中銀ベル築地マンシオン2階,,35.66564,139.77446,5,7
稲垣薬局　北町店,武蔵野市,武蔵野市吉祥寺北町4-11-20 北祥ビル102号,,35.71499,139.56555,5,7
稲垣薬局　あきる野店,あきる野市,あきる野市引田92-1,,35.72158,139.26649,5,5
稲垣薬局　荻窪店,杉並区,杉並区今川2-5-11　,,35.71522,139.60823,5,7
稲垣薬局　桜町店,小金井市,小金井市桜町1-8-5　,,35.71072,139.50937,5,7
稲垣薬局　中目黒店,目黒区,目黒区中目黒2-10-3　1階,,35.64057,139.7029,5,7
稲垣薬局　井の頭店,武蔵野市,武蔵野市吉祥寺南町1-10-5　,,35.70228,139.57765,5,7
あさくさ薬局　駒形店,台東区,台東区駒形１丁目１０−６ プラウドフラット浅草駒形,,35.70876,139.79451,5,7
稲垣薬局　中道店,武蔵野市,武蔵野市吉祥寺本町2-11-11　吉田ビル1階,,35.70354,139.57635,5,7
稲垣薬局　三鷹北口店,武蔵野市,武蔵野市中町１−１７−２　ステラ武蔵野１階　,,35.70427,139.56163,5,7
稲垣薬局　吉祥寺本町店,武蔵野市,武蔵野市吉祥寺本町2-10-12　コリドール吉祥寺1階　,,35.70424,139.57697,5,7
イオン薬局イオンスタイル碑文谷店,目黒区,目黒区碑文谷四丁目1番1号 イオンスタイル碑文谷4階,,35.62238,139.68416,5,7
抗加齢医学研究所市ヶ谷支店,千代田区,千代田区五番町12-7ドミール五番町1-025,,35.68898,139.73328,5,7
株式会社グローバルゲイツ,中央区,中央区日本橋浜町三丁目１６番７号スプラウト日本橋浜町ビル６階,,35.68393,139.78938,5,7
柴本内科,世田谷区,世田谷区八幡山3-32-25,,35.6683,139.61678,5,7
表参道検査ステーション,渋谷区,渋谷区神宮前6-4-1　ZeroBase神宮前,,35.66818,139.70546,5,7
経堂駅前内科・糖尿病クリニック,世田谷区,世田谷区経堂2-14-10オオゼキ経堂駅前店2階,,35.65117,139.63478,5,7
薬ヒグチ薬局新宿御苑前店,新宿区,新宿区新宿１丁目１９−６,,35.68966,139.71266,5,7
プロップジーン衛生検査所,杉並区,杉並区高円寺北2-3-4レインボースクエアビル4F,,35.70595,139.65137,5,7
白金高輪駅前内科・糖尿病クリニック,港区,港区高輪1丁目4-13-２階,,35.64287,139.73511,5,7
むさしこやま駅前内科・糖尿病クリニック,品川区,品川区小山3丁目14番1号シティタワー武蔵小山２階,,35.62078,139.70561,5,7
MSCルナクリニック渋谷院,渋谷区,渋谷区道玄坂2丁目23−12フォンティスビル8階,,35.66005,139.69601,5,7
医療法人社団予防会 池袋サテライトクリニック,豊島区,豊島区西池袋1-19-7　のとやビル5F,,35.73115,139.70953,5,7
ワンクリニック恵比寿,渋谷区,渋谷区恵比寿西2-8-11グランベル恵比寿? 7階,,35.64967,139.70744,5,7
神明堂薬局,大田区,大田区山王3-31-5　坂田ビル102,,35.58702,139.72546,5,7
西野薬局,杉並区,杉並区高井戸東三丁目26番8号,,35.68577,139.61641,5,7
西野薬局高井戸駅前店,杉並区,杉並区高井戸東2-25-11エザンス高井戸1階,,35.68181,139.61569,5,7
イワナガ大蔵薬局,町田市,町田市大蔵町2213-1,,35.5841,139.47487,5,7
オネストLクリニック　東京神田院,千代田区,千代田区神田鍛冶町3丁目３−１　栄立ビル4階,,35.69364,139.77066,5,7
PCR検査センター 銀座店,中央区,中央区銀座7-3-13 ニューギンザビル 1F,,35.67041,139.76062,5,7
株式会社 早川予防衛生研究所,新宿区,新宿区北新宿1-11-5,,35.70132,139.69421,5,7
別所薬局,八王子市,八王子市別所1-17-1,,35.61845,139.39738,5,7
なつめ薬局,足立区,足立区西新井５丁目４２−７,,35.78517,139.77898,5,7
中野五差路PCR検査センター,中野区,中野区中央4-61,,35.70277,139.66591,5,7
とどくすり薬局,台東区,台東区台東１丁目５−１,,35.70091,139.77817,5,7
アイン薬局　綾瀬店,足立区,足立区東綾瀬1丁目9-4 プラザ白うめ1F,,35.7642,139.83215,5,7
アイン薬局　江北店,足立区,足立区江北１丁目３３−２３,,35.77231,139.76991,5,7
アイン薬局　西新井六丁目店,足立区,足立区西新井６丁目３１−１４,,35.782,139.77408,5,7
アイン薬局　西新井店,足立区,足立区西新井６丁目３１−１３,,35.782,139.77408,5,7
ジェネラルクリニック,港区,港区六本木6-1-8　グリーンビル8F,,35.66245,139.73135,5,7
PCR検査センター学芸大学駅前店,目黒区,目黒区鷹番3-6-1第一ストアビル1階,,35.62835,139.68457,5,7
アイン薬局 舎人店,足立区,足立区舎人2-20-16,,35.81324,139.77158,5,7
アイン薬局 鹿浜店,足立区,足立区鹿浜５丁目１２−８,,35.78491,139.75079,5,7
アイン薬局 鹿浜2号店,足立区,足立区鹿浜５丁目１２−１４,,35.78491,139.75079,5,7
いるか田町薬局,港区,港区芝5-27-5山田ビル1階,,35.64705,139.74617,5,7
アイン薬局　赤坂溜池店,港区,港区赤坂2-11-15MY赤坂ビル1階,,35.67005,139.74112,5,7
アイン薬局　三田店,港区,港区芝4-5-8池藤ビル1階,,35.64871,139.75089,5,7
アイン薬局　芝大門店,港区,港区芝大門1-1-33三洋ビル1階,,35.65973,139.75333,5,7
アイン薬局　板橋店,板橋区,板橋区稲荷台10-8,,35.76008,139.71335,5,7
アイン薬局　目黒鷹番店,目黒区,目黒区鷹番3-6-18カザーナ学芸大学1階,,35.62835,139.68457,5,7
アイン薬局　目黒店,目黒区,目黒区中町2-30-5敦岡ビル,,35.63157,139.69356,5,7
フジ薬局　板橋大山店,板橋区,板橋区大山西町６３−３　ドエルフローラ１階,,35.74778,139.6955,5,7
アール薬局,町田市,町田市西成瀬1-50-29,,35.5433,139.46509,5,7
スマイル薬局田町店,港区,港区芝浦3-12-2,,35.64252,139.74911,5,7
スマイル薬局芝浦3丁目店,港区,港区芝浦3-2-22,,35.64448,139.75009,5,7
スマイル薬局芝浦海岸通店,港区,港区芝浦4-13-23　ＭＳビル1Ｆ,,35.64036,139.74835,5,7
あい薬局戸越銀座店,品川区,品川区平塚1-7-16　1階,,35.61499,139.71614,5,7
セイムス学芸大学駅前薬局,目黒区,目黒区鷹番2-19-21,,35.62833,139.68663,5,7
ひまわり薬局　都立大店,目黒区,目黒区八雲1-4-3駒原ビル3階,,35.6182,139.67464,5,7
スマイル薬局池上店,大田区,大田区池上７−６−１０,,35.57211,139.70111,5,7
スマイル薬局池上駅前店,大田区,大田区池上6-9-9,,35.57145,139.70407,5,7
スマイル薬局石川台店,大田区,大田区東雪谷2-14-2,,35.59519,139.6855,5,7
スマイル薬局西糀谷店,大田区,大田区西糀谷4-14-18,,35.55512,139.73033,5,7
ドラッグセイムス大森中央薬局,大田区,大田区中央３−２６−２２,,35.57541,139.71928,5,7
すずらん薬局　下北沢店,世田谷区,世田谷区北沢2-34−3　クリスタルベスル1D号室,,35.66326,139.6684,5,7
ドラッグセイムス世田谷桜新町薬局,世田谷区,世田谷区桜新町１−１９−１４,,35.63055,139.64221,5,7
スマイル薬局久我山店,杉並区,杉並区久我山2-12-9,,35.68504,139.59933,5,7
セイムス久我山駅前薬局,杉並区,杉並区久我山2-28-4　久我山MCビルディング1階,,35.68768,139.60001,5,7
セイムス高円寺駅前薬局,杉並区,杉並区高円寺南４−２９−２ミヤシタビル1階,,35.70403,139.65083,5,7
セイムス王子薬局,北区,北区王子２−２７−７,,35.75726,139.73769,5,7
ドラッグセイムス上板橋南口薬局,板橋区,板橋区上板橋２−３１−１３　木下ビル,,35.76227,139.67493,5,7
セイムス高松薬局,練馬区,練馬区高松１−１４−５ローズガーデン１階,,35.74786,139.63474,5,6
ドラッグセイムス青梅大門薬局,青梅市,青梅市大門３−１６−２２,,35.79314,139.29282,5,7
ドラッグセイムス青梅河辺6丁目薬局,青梅市,青梅市河辺町６−１０−１,,35.77866,139.2908,5,7
ドラッグセイムス青梅藤橋薬局,青梅市,青梅市藤橋2-561-4,,35.79918,139.30342,5,7
おひさま薬局　福生店,福生市,福生市牛浜5-1,,35.73294,139.32838,5,7
スマイル薬局福生店,福生市,福生市加美平１−６−１１,,35.74707,139.32657,5,7
セイムス南田園調剤薬局,福生市,福生市南田園１−５−２,,35.72211,139.33044,5,7
ドラッグセイムス残堀薬局,武蔵村山市,武蔵村山市残堀5-155-1,,35.75597,139.36726,5,7
ドラッグセイムス多摩落合薬局,多摩市,多摩市落合6-15-4　第5椎の木ビル1F,,35.60939,139.42651,5,7
セイムス小作駅西口薬局,羽村市,羽村市小作台5-9-10,,35.77544,139.30159,5,7
八王子薬剤センター薬局,八王子市,八王子市館町1097,,35.62996,139.28412,5,7
エスト調剤薬局,大田区,大田区上池台2-31-12,,35.59943,139.69211,5,7
メイプル薬局,大田区,大田区上池台2-40-11,,35.59702,139.69267,5,7
ひまわり皮膚科,江東区,江東区亀戸2-26-8　風月堂ビル2F,,35.6988,139.82501,5,7
よつば皮膚科,江戸川区,江戸川区平井4-11-5　平井イスズビル2F,,35.70624,139.84384,5,7
親和ハートフルクリニック,江戸川区,江戸川区平井2-24-16　東京育明会ビル1階,,35.70367,139.84596,5,7
イオン薬局第二東雲店,江東区,江東区東雲一丁目9番10号 イオン東雲ショッピングセンター2階,,35.64655,139.80237,5,7
上田クリニック,世田谷区,世田谷区奥沢７丁目１９番９号,,35.60544,139.66214,5,7
飯田橋東口内科心療内科診療所,千代田区,千代田区飯田橋4-9-9　第7田中ビル8階,,35.7016,139.74548,5,7
はりま坂サンテ薬局,文京区,文京区小石川四丁目２１番１号　小石川四丁目ビル１０２,,35.71502,139.74065,5,7
医療法人社団キャンサーフリートピア　銀座並木通りクリニック,中央区,中央区銀座四丁目2番2号　第1弥生ビルディング7階,,35.67288,139.7643,5,7
なないろ薬局,大田区,大田区山王2-1-5 大森駅ビルララ1F,,35.58998,139.72844,5,7
ケーエム薬局山崎店,町田市,町田市山崎町334-2,,35.57801,139.43146,5,7
桜薬局,町田市,町田市根岸町1009-3,,35.57909,139.40669,5,7
ラ・メール薬局　金町店,葛飾区,葛飾区東金町1-44-15　菅野ビル１Ｆ,,35.77026,139.87213,5,7
共創未来和田薬局,杉並区,杉並区和田1-12-13,,35.68998,139.66147,5,7
医療法人社団幸望会　ハーモニー歯科,足立区,足立区竹の塚3丁目5番5号,,35.78978,139.7981,5,7
個別指導塾スタンダード 市ヶ谷教室,千代田区,千代田区五番町5-1　第8田中ビル7F,,35.69017,139.73618,5,7
【PCRラボ】ICheck×nanoAce 浜松町駅前ハマサイトPCR検査場,港区,港区海岸1丁目2-20 汐留ビルディング２F クリニックモール内,,35.65685,139.75919,5,7
【PCRラボ】ICheck×nanoAce 赤坂PCR検査場,港区,港区赤坂2丁目13-4 第15大協ビル 3F,,35.67299,139.73819,5,7
tokyoartsgallery,港区,港区麻布十番3-7-4-2F,,35.65363,139.73485,5,7
赤坂見附・無料PCR検査センター,港区,港区赤坂3-10-5赤坂クインビル501,,35.67594,139.73682,5,7
東京湯島指導センター,文京区,文京区湯島2-13-1,,35.70455,139.76588,5,7
【PCRラボ】ICheck×nanoAce 大井町駅PCR検査場,品川区,品川区東大井5-2-3 K-15ビル あおい元気館 3F,,35.60787,139.73579,5,7
個別指導塾スタンダード 西日暮里教室,荒川区,荒川区西日暮里6-47-10 小宮ビル2F,,35.73593,139.76857,5,7
個別指導Wam青戸校,葛飾区,葛飾区青戸8-3-13,,35.75608,139.85005,5,7
個別指導Wam小宮町校,八王子市,八王子市小宮町1196-5,,35.68476,139.36629,5,7
個別指導Wam清水が丘校,府中市,府中市清水が丘2-60-17,,35.6633,139.49898,5,7
個別指導Wam飛田給校,調布市,調布市飛田給2-7-11,,35.65967,139.51965,5,7
個別指導Wam小山田桜台校,町田市,町田市下小山田町3352-5,,35.58983,139.40784,5,7
サルスクリニック日本橋,中央区,中央区日本橋2-8-1 東京日本橋タワーアネックスB1F,,35.6816,139.77527,4,7
小山調剤薬局,品川区,品川区小山４−４−１９,,35.61872,139.70343,5,7
医療法人社団誠粋会,世田谷区,世田谷区桜新町一丁目１４番２３号萬富ビル１階,,35.63087,139.64359,5,7
せわのわ在宅支援＆健康薬局,大田区,大田区池上三丁目32-17　第26下川ビル　ツインウッドスクエアー1F,,35.57381,139.70186,5,7
SmaCheck築地店,中央区,中央区築地6-3-9,,35.66528,139.77257,5,7
医療法人社団アダット　アダット中野訪問クリニック,中野区,中野区本町１丁目３１番６号マンション中野坂上２０３号　医療法人社団アダット,,35.69638,139.68477,5,7
新島村役場,新島村,新島村本村１−１−１　新島村役場,,34.37654,139.25691,5,7
新島村役場　式根島支所,新島村,新島村式根島255-1,,34.32653,139.2135,5,5
新島村役場　若郷支所,新島村,新島村若郷1-4,,34.42277,139.28296,5,7
稲垣薬局　東村山店,東村山市,東村山市諏訪町2-32-2,,35.77,139.46288,5,7
クリエイト薬局豊島要町店,豊島区,豊島区要町1-8-11　要町東洋ビル1階,,35.7338,139.6955,5,7
クリエイトエス・ディー立川栄町店薬局,立川市,立川市栄町3-5-1,,35.70861,139.42229,5,7
クリエイト薬局北区滝野川店,北区,北区滝野川6-21-19,,35.74527,139.72585,5,7
クリエイト薬局八王子台町店,八王子市,八王子市台町2-22-8,,35.65237,139.31906,5,7
クリエイト薬局世田谷砧店,世田谷区,世田谷区砧3-2-5,,35.63539,139.61401,5,7
クリエイト薬局谷保駅北口店,国立市,国立市富士見台2-14-3,,35.68315,139.44696,5,7
稲垣薬局　本店,武蔵野市,武蔵野市吉祥寺本町1-13-3,,35.70479,139.58075,5,7
たむら薬局栄町店,練馬区,練馬区栄町32-8,,35.7382,139.672,5,7
すみれ薬局,板橋区,板橋区高島平1-72-14-101,,35.78581,139.66716,5,7
みらくる薬局品川駅前店,港区,港区港南2丁目6-7　大善ビル2階,,35.62863,139.74246,5,7
渋谷PCR検査センター,渋谷区,渋谷区宇田川町29-2,,35.66066,139.69849,5,7
MARU By Tokyo Business Clinic,千代田区,千代田区丸の内1丁目8番2号 鉄鋼ビルディング1階,,35.68267,139.76956,5,7
東京ビジネスクリニック　八重洲北口,千代田区,千代田区丸の内1丁目8番2号 鉄鋼ビルディング地下1階,,35.68267,139.76956,5,7
梅島薬局,足立区,足立区梅島1-6-12,,35.77173,139.80113,5,7
ジェネシスヘルスケア株式会社,渋谷区,渋谷区恵比寿四丁目20番3号　恵比寿ガーデンプレイスタワー２６階,,35.64297,139.71368,5,7
みらくる薬局　日本橋店,中央区,中央区日本橋堀留町2丁目6-6　ライフサイエンスビル1階,,35.68929,139.78093,5,7
新宿５丁目検査ステーション,新宿区,新宿区新宿5-17-16,,35.69276,139.70567,5,7
浅草検査ステーション,台東区,台東区浅草2-26-7 hotelMONday1Fロビー,,35.71669,139.79445,5,7
立川検査ステーション,立川市,立川市錦町2-1-25 アトム企画ビル1F,,35.69512,139.41441,5,7
霞ヶ関診療所,港区,港区虎ノ門1-1-18　ヒューリック虎ノ門ビル２F,,35.67029,139.75056,5,7
方南町PCR検査研究所受付センター,杉並区,杉並区方南2-15-1 ヒルサイドテラス101,,35.68385,139.6597,5,7
青空PCR検査センター　浮間店,北区,北区浮間2-17-9,,35.79465,139.69664,5,7
三宅村　伊ヶ谷出張所,三宅島三宅村,三宅島三宅村伊ケ谷330,,34.09983,139.49123,5,7
三宅村　伊豆出張所,三宅島三宅村,三宅島三宅村伊豆1054,,34.11123,139.50241,5,7
三宅村　坪田出張所,三宅島三宅村,三宅島三宅村坪田3050,,34.05895,139.54823,5,7
三宅村　神着出張所,三宅島三宅村,三宅島三宅村神着197,,34.12071,139.52232,5,7
三宅村役場 (福祉健康課健康係窓口),三宅島三宅村,三宅島三宅村阿古497,,34.07613,139.47989,5,7
南山堂薬局府中店,府中市,府中市武蔵台2-16-3,,35.69353,139.46315,5,7
プリベントメディカル株式会社,中央区,中央区日本橋小舟町9番18号,,35.68563,139.77913,5,7
プリベントメディカル　上目黒第1センター,目黒区,目黒区上目黒3-3-12 ペニービル5F,,35.64439,139.69844,5,7
SmaCheck神田店,千代田区,千代田区内神田3丁目21‐6　森山ビル1階,,35.69277,139.77054,5,7
SmaCheck高田馬場店,新宿区,新宿区高田馬場4‐23‐17　FOREST1階,,35.70978,139.70119,5,7
C-PASS 検査センター,目黒区,目黒区下目黒2-3-4 フタバ目黒ビル２F,,35.63153,139.71237,5,7
Smacheck銀座7丁目店,中央区,中央区銀座7-2-11 vitaminG 4F,,35.67037,139.75993,5,7
大島駅前クリニック,江東区,江東区大島5丁目10-10 セントラルプラザ大島1階,,35.68932,139.83414,5,7
平成薬局亀戸店,江東区,江東区亀戸6-26-5 日土地亀戸ビル1階,,35.69635,139.82599,5,7
ひかり薬局,板橋区,板橋区大谷口上町21-6 森本ビル１Ｆ,,35.74953,139.6925,5,7
かける薬局　上石神井店,練馬区,練馬区上石神井四丁目３番２３号ホワイトフェニックスビル２０６,,35.72786,139.59081,5,7
南山堂薬局御茶ノ水店,千代田区,千代田区神田駿河台4-1-2　ステラお茶の水ビル1F,,35.69806,139.76505,5,7
南山堂薬局浅草橋駅前店,台東区,台東区浅草橋1-30-9 　ヒューリック浅草橋江戸通ビル1階,,35.69817,139.7865,5,7
南山堂薬局錦糸公園前店,墨田区,墨田区太平3-4-8 　KOIKE Bld.1F・2F,,35.70015,139.81438,5,7
南山堂薬局江東千石店,江東区,江東区千石2-10-6 　JU TOWERFRONT千石1F,,35.67837,139.81715,5,7
南山堂　公園通り薬局駅前店,品川区,品川区戸越5-18-7 1階,,35.60912,139.71741,5,7
南山堂薬局武蔵小山駅前店,品川区,品川区小山3丁目14番1号　シティタワー武蔵小山1階,,35.62078,139.70561,5,7
南山堂薬局下北沢店,世田谷区,世田谷区代沢5-18-1 　代沢カラバッシュ1階B-1,,35.65696,139.66734,5,7
南山堂薬局新宿駅南口店,渋谷区,渋谷区代々木2-11-14 　NKビル1F,,35.68741,139.69719,5,7
南山堂薬局高円寺北口店,杉並区,杉並区高円寺北2-3-3WHARF高円寺1F,,35.70595,139.65137,5,7
南山堂薬局下石神井店,練馬区,練馬区下石神井4-7-28 　グランバトー・M,,35.72874,139.6039,5,7
南山堂薬局お花茶屋店,葛飾区,葛飾区宝町2-23-3 宝町第3ハルビル1階,,35.74658,139.83725,5,7
南山堂薬局八王子店,八王子市,八王子市横山町22-3    メディカルタワー八王子1階,,35.66002,139.33774,5,7
南山堂薬局片倉店,八王子市,八王子市片倉町342-3     K's片倉ビル1F,,35.6434,139.33742,5,7
南山堂薬局武蔵境駅前店,武蔵野市,武蔵野市境南町4-1-16,,35.70181,139.53795,5,7
田辺薬局天王洲駅店,品川区,品川区東品川2-2-20天王洲オーシャンスクエア2F 204A,,35.62175,139.74919,5,7
東砂都市型軽費老人ホーム,江東区,江東区東砂6-10-13,,35.67241,139.84285,5,7
医療法人　愛優会,江戸川区,江戸川区西葛西5-9-11,,35.66661,139.86253,5,7
西葛西三丁目診療所,江戸川区,江戸川区西葛西三丁目11-8第5サンキビル102,,35.6674,139.85796,5,7
銀座ＢＥＲＥＡＧＥクリニック,港区,港区新橋2-19-4　SNTビル1階,,35.66681,139.75955,5,7
田辺薬局多摩聖蹟店,多摩市,多摩市関戸2-66-1,,35.64997,139.45174,5,7
田辺薬局西新井本店,足立区,足立区西新井栄町1-17-1　PASSAGGIO西新井１階,,35.77478,139.7896,5,7
一般社団法人静純会ウェルネストクリニック,渋谷区,渋谷区道玄坂2-3-2大外ビル3階,,35.65928,139.70007,5,7
みのり薬局,中央区,中央区月島３丁目１３番４号　善利ビル１階,,35.66186,139.78067,5,7
あかね薬局,文京区,文京区大塚４丁目４５番１０号,,35.72197,139.73204,5,7
はるか薬局,台東区,台東区千束２丁目１９番２号,,35.72079,139.79002,5,7
すずかぜ薬局,墨田区,墨田区江東橋４丁目１５番５号　立田第９ビル,,35.69469,139.81749,5,7
とまと薬局,江東区,江東区大島６丁目９番１１号,,35.69027,139.83534,5,7
のぞみ薬局,江東区,江東区亀戸６丁目１３番３号,,35.69474,139.82608,5,7
あすか薬局,江戸川区,江戸川区西小岩１丁目２３番１８号リッカービル1階,,35.73336,139.88083,5,7
なごみ薬局,江戸川区,江戸川区中葛西５丁目４１番１２号,,35.66164,139.87242,5,7
はなまる薬局 赤羽店,北区,北区赤羽2-15-10山田ビル1F,,35.77974,139.72337,5,7
アイン薬局 金森店（ドライブスルー方式のみ行う）,町田市,町田市金森1-27-18,,35.53458,139.45076,5,7
医療法人ネオポリス診療所　新宿皮フ科,新宿区,新宿区新宿3-24-1NEWNO・GS新宿10階,,35.69265,139.70135,5,7
稲垣薬局　クオラ武蔵境店,武蔵野市,武蔵野市境1-1-7　QuOLa1F,,35.70231,139.5452,5,7
利島村役場,利島村,利島村248,,34.52935,139.28258,3,3
鐘ヶ渕薬局 駐車場,墨田区,墨田区墨田2-12-8,,35.73286,139.81834,5,7
向日葵商事株式会社,中央区,中央区銀座3-12-19-4F,,35.67044,139.76877,5,7
四ツ葉薬局,台東区,台東区上野6-7-16川久保ビル１F,,35.7095,139.77608,5,7
中目黒トライ,目黒区,目黒区上目黒３丁目６-５ 中目ビル5F,,35.6432,139.6973,5,7
医療法人社団創彩会　東京中央美容外科　渋谷西口院出張所,渋谷区,渋谷区道玄坂2-23-12 フォンティスビル3F,,35.66005,139.69601,5,7
医療法人社団　創志会　TCB　東京中央美容外科　銀座有楽町院出張所,千代田区,千代田区有楽町2-3-5 aune有楽町 5Ｆ,,35.67307,139.76134,5,7
医療法人社団　創志会　TCB　東京中央美容外科　銀座二丁目院出張所,中央区,中央区銀座2-6-9 Ginza269ビル9F,,35.67355,139.76711,5,7
医療法人社団　創志会　TCB　東京中央美容外科　品川院出張所,港区,港区高輪3-23-17 品川センタービルディング?201,,35.63115,139.73689,5,7
医療法人社団　創志会　TCB　東京中央美容外科　新宿東口院出張所,新宿区,新宿区歌舞伎町1丁目27-5 歌舞伎町APMビル7F,,35.69527,139.70064,5,7
医療法人社団　創志会　TCB　東京中央美容外科　高田馬場院出張所,新宿区,新宿区高田馬場2-17-15 唐橋ビル?7F・8F,,35.71336,139.70552,5,7
医療法人社団　創志会　TCB　東京中央美容外科　上野院出張所,台東区,台東区上野4-10-5 THE V-CITY UENO?7・8F,,35.71092,139.77431,5,7
医療法人社団　創志会　TCB　東京中央美容外科　池袋西口院出張所,豊島区,豊島区西池袋5-1-3 メトロシティ西池袋ビル 3F,,35.73166,139.70657,5,7
医療法人社団　創志会　TCB　東京中央美容外科　立川店出張所,立川市,立川市曙町2-11-2 フロム中武?6F,,35.69992,139.41487,5,7
医療法人社団　創志会　TCB　東京中央美容外科　町田院出張所,町田市,町田市原町田6-3-3 町映ビル 5F,,35.54306,139.44579,5,7
医療法人創青会 TCB　東京中央美容外科　渋谷東口院出張所,渋谷区,渋谷区渋谷2-19-15　宮益坂ビルディング 3F,,35.65962,139.70399,5,7
医療法人社団メディカルフロンティア TCB　東京中央美容外科　秋葉原院出張所,千代田区,千代田区神田佐久間町1-13 チョムチョム秋葉原?8F,,35.6978,139.7744,5,7
医療法人社団メディカルフロンティア TCB　東京中央美容外科　世田谷院出張所,世田谷区,世田谷区池尻2丁目31-24 信田ビル7F,,35.64993,139.68364,5,7
PCR検査センター  銀座鈴らん通り店,中央区,中央区銀座7-7-10,,35.6695,139.76213,5,7
青山メディカルクリニック,港区,港区南青山3-10-21 T’s BRIGHTIA 南青山 EAST 1F,,35.66606,139.71507,5,7
医療法人創喜会TCB　東京中央美容外科　新宿三丁目院出張所,新宿区,新宿区新宿3-1-20　メットライフ・JTB新宿スクエア7F,,35.69008,139.7047,5,7
医療法人創喜会TCB 東京中央美容外科 中野院出張所,中野区,中野区中野3丁目34-32 凱旋ビル 3F,,35.70427,139.66496,5,7
医療法人創喜会東京中央美容外科TCB　池袋東口院出張所,豊島区,豊島区東池袋1-8-1　WACCA IKEBUKURO 6F,,35.73172,139.71445,5,7
医療法人創喜会TCB　東京中央美容外科　八王子院出張所,八王子市,八王子市旭町2-5　八王子ツインタワーA館4F,,35.65658,139.33849,5,7
ライオン薬局,足立区,足立区西新井5-15-1,,35.78378,139.77882,5,7
かえで薬局,目黒区,目黒区碑文谷5-28-10　リバティハウス柿の木坂１階,,35.62468,139.67899,5,7
さくらそう薬局武蔵小山店,目黒区,目黒区目黒本町3-15-8,,35.62239,139.70016,5,7
駒沢通り薬局,目黒区,目黒区中央町2-40-8　長瀬ビル1階,,35.63075,139.6842,5,7
オレンジ薬局鑓水店,八王子市,八王子市鑓水2−175−9,,35.61308,139.34427,5,7
昭島スマイル薬局,昭島市,昭島市昭和町5-15-14　金谷店舗1階北側,,35.71284,139.35864,5,7
東京第二衛生検査所,板橋区,板橋区前野町1-16-4-2F,,35.76428,139.69464,5,7
おおぞら薬局,葛飾区,葛飾区小菅４−１０−５　橋本ビル１F,,35.76175,139.82481,5,7
株式会社クリオス,港区,港区白金台2-26-10 グリーンオーク高輪台4F,,35.6319,139.72984,5,7
株式会社ベストパートナー,渋谷区,渋谷区恵比寿1-26-14　ACTビル2F,,35.64722,139.71605,5,7
ホームケアクリニック立川,立川市,立川市柴崎町2-12-3-102,,35.69537,139.41039,5,7
ファーブケア薬局,江東区,江東区大島8-22-21 シャトーレ大島101,,35.68969,139.84013,5,7
ファーブ薬局武蔵小山店,品川区,品川区小山3−1−2　サンタグリュス武蔵小山1F,,35.62006,139.70282,5,7
ファーブ薬局堀切店,葛飾区,葛飾区堀切2−51−2,,35.74517,139.82945,5,7
浅草駅前予防医療内科,台東区,台東区花川戸一丁目10番14号　ラスパシオ浅草スカイビュースクエア２階,,35.71264,139.79907,5,7
メディカルクリニック渋谷,渋谷区,渋谷区渋谷3-29-17 ホテルメッツ渋谷2階,,35.65595,139.70355,5,7
恩田メディカルプラザ,世田谷区,世田谷区三軒茶屋2-11-20サンタワーズＤ棟5階,,35.64173,139.66916,5,7
えん薬局足立谷在家,足立区,足立区皿沼2-1-19　小林ビル3階,,35.79094,139.76981,5,7
大塚南口駅前脳神経内科クリニック,豊島区,豊島区南大塚3-32-10今井保全ビル1階,,35.7313,139.72696,5,7
スギ薬局　八重洲通店,中央区,中央区日本橋三丁目4番15号　八重洲通ビル1階,,35.67976,139.77115,5,7
スギ薬局　六本木店,港区,港区六本木七丁目14番10号　誠志堂ビル１Ｆ,,35.66356,139.73137,5,7
スギ薬局　中延店,品川区,品川区中延四丁目6番8号,,35.60522,139.71335,5,7
スギ薬局　多摩川大橋店,大田区,大田区多摩川一丁目36番25号,,35.56053,139.69792,5,7
スギ薬局　桜新町店,世田谷区,世田谷区桜新町二丁目31番5号,,35.63349,139.63901,5,7
スギ薬局　南台三丁目店,中野区,中野区南台三丁目23番7号　堀第2南台ビル1階,,35.68563,139.66689,5,7
スギ薬局　志村坂下店,板橋区,板橋区坂下一丁目21番14号,,35.78064,139.68666,5,7
スギ薬局　練馬三原台店,練馬区,練馬区三原台一丁目7番5号,,35.75143,139.60568,5,7
スギ薬局　江戸川南店,江戸川区,江戸川区中央二丁目15番11号,,35.70493,139.8732,5,7
スギ薬局　江戸川瑞江店,江戸川区,江戸川区瑞江四丁目29番10号,,35.69427,139.8932,5,7
スギ薬局　八王子店,八王子市,八王子市中町4番5号,,35.65832,139.33664,5,7
スギ薬局　武蔵野緑町店,武蔵野市,武蔵野市緑町一丁目3番15号,,35.71401,139.56261,5,7
コサカ薬局　堀之内店,八王子市,八王子市別所2-123,,35.61586,139.39749,5,6
コサカ薬局　北口店,多摩市,多摩市落合多摩1-9-9　クレイドゥビル4階,,35.62488,139.42709,5,5
開運堂　今井薬局,板橋区,板橋区上板橋1-17-3,,35.76069,139.67793,5,7
医療法人社団 日暮里医院 PCR等検査センター赤坂会場,港区,港区赤坂2-19-11  有賀第3ビル2階,,35.66872,139.7402,5,7
スキンシアクリニック PCR等検査センター　日暮里会場,荒川区,荒川区東日暮里6-60-5  COCOSPACE日暮里6階,,35.72865,139.77257,5,7
医療法人社団 日暮里医院 PCR等検査センター成増会場,板橋区,板橋区成増2-13-1 成増駅,,35.77728,139.63341,5,7
麻布十番採取所,港区,港区東麻布3-4-16　Binemu 3階,,35.65732,139.7374,5,7
医療法人順齡會　赤坂おだやかクリニック,港区,港区赤坂５−３−１赤坂Bizタワー２階,,35.67256,139.73517,5,7
医療法人順齡會　南砂町おだやかクリニック,江東区,江東区新砂３−４−３１　南砂町ショッピングセンターSUNAMO4階,,35.66461,139.8356,5,7
アイコールメディカル在宅クリニック,立川市,立川市曙町1-30-12 JPトラストビル2F,,35.69945,139.41148,5,7
スクエア薬局,練馬区,練馬区練馬1−20−３,,35.73837,139.65581,5,7
としまえん薬局,練馬区,練馬区早宮4−40−8−ニューハイツ豊島園１０２号,,35.74618,139.6483,5,7
日比谷有楽町銀座駅前クリニック,中央区,中央区銀座４−３−９クイーンズハウス８階,,35.67232,139.76451,5,7
ドクター小池クリニック,江東区,江東区亀戸2-42-5-5F,,35.70139,139.82347,5,7
そうごう薬局 永山店,多摩市,多摩市乞田1426 KTAビル1階,,35.63403,139.4455,5,7
そうごう薬局 東新宿駅前,新宿区,新宿区新宿7-27-12 コンフォリア東新宿ステーションフロント１階,,35.69921,139.70808,5,7
そうごう薬局　東村山店,東村山市,東村山市久米川町4-2-34,,35.75966,139.47162,5,7
そうごう薬局　武蔵野台店,府中市,府中市白糸台5-39-10　谷中商事ビル１階,,35.66203,139.51387,5,7
薬のヒグチ薬局　門前仲町店,江東区,江東区富岡1丁目23-17　TTビル1F,,35.6711,139.79892,5,7
biotope clinic　白金,港区,港区白金台４丁目９−１０　白金台グリーン・リーブス２Ｆ,,35.63797,139.72357,5,7
SmaCheck神保町店,千代田区,千代田区神田神保町1−19−1　KTビル3階,,35.69526,139.76047,5,7
こむぎ薬局,中野区,中野区本町３−２９−１０　ヴェルティ中野１０３号室,,35.69714,139.67755,5,7
トモエ薬局・本町店,小金井市,小金井市本町一丁目５番１２号朝日パリオ小金井ハイツ１階 トモエ薬局,,35.69863,139.50861,5,7
かちどき薬局霞が関店,千代田区,千代田区霞が関3-2-5　霞が関ビル310,,35.67119,139.74791,5,7
かちどき薬局,新宿区,新宿区中落合2-4-1,,35.72095,139.69368,5,7
かちどき薬局センター店,新宿区,新宿区西新宿1-25-1　新宿センタービル5Ｆ,,35.69171,139.69543,5,7
かちどき薬局三井店,新宿区,新宿区西新宿2-1-1　新宿三井ビル４Ｆ,,35.69166,139.69392,5,7
かちどき薬局落合店パート２,新宿区,新宿区中落合2-4-29,,35.72095,139.69368,5,7
かちどき薬局ひきふね店,墨田区,墨田区八広1-2-14,,35.72019,139.82182,5,7
かちどき薬局向島店,墨田区,墨田区八広1-4-4,,35.72094,139.82173,5,7
かちどき薬局墨田店,墨田区,墨田区墨田2-6-16,,35.73285,139.81662,5,7
かちどき薬局みなみすな店,江東区,江東区南砂1-25-12,,35.67652,139.82623,5,7
かちどき薬局砂町店,江東区,江東区南砂1-25-13 石塚ビル1〜2階,,35.67652,139.82623,5,7
かちどき薬局下馬店,世田谷区,世田谷区下馬6-31-20,,35.63127,139.67833,5,7
かちどき薬局久我山店,世田谷区,世田谷区北烏山2-14-25　メゾンドクール1Ｆ,,35.68129,139.59869,5,7
かちどき薬局常盤台店,板橋区,板橋区常盤台1-30-6　常盤台ビル1F,,35.76254,139.6907,5,7
かちどき薬局小金井店,小金井市,小金井市桜町1-9-10,,35.71095,139.51181,5,7
かちどき薬局小平店,小平市,小平市小川町1-451-8,,35.72841,139.44067,5,7
東京ビジネスクリニック　グランスタ丸の内,千代田区,千代田区丸の内1丁目9番1号 JR東日本東京駅構内地下1階,,35.68125,139.76724,5,7
あゆみ薬局（練馬区）,練馬区,練馬区石神井台5-1-28　ダイアパレスパークデュオ上石神井,,35.73531,139.58862,5,7
あゆみ薬局（小金井市）,小金井市,小金井市梶野町2-1-2　プライムアーバン武蔵野ヒルズA棟1F,,35.70603,139.53139,5,7
おがわ薬局,国立市,国立市中1-16-22,,35.69709,139.44514,5,7
調剤薬局ツルハドラッグ白金台店,港区,港区白金台3-15-6マスレンビル1階,,35.63657,139.7243,5,7
調剤薬局ツルハドラッグ都立大学店,目黒区,目黒区中根1-3-9森戸ビル1階,,35.61792,139.67522,5,7
調剤薬局ツルハドラッグ大鳥居駅前店,大田区,大田区東糀谷3-3-15,,35.55267,139.74118,5,7
調剤薬局ツルハドラッグ梅屋敷店,大田区,大田区大森西6-11-16,,35.56871,139.72392,5,7
調剤薬局ツルハドラッグ蒲田店,大田区,大田区西蒲田7-61-1,,35.56202,139.71194,5,7
調剤薬局ツルハドラッグ世田谷千歳台店,世田谷区,世田谷区千歳台6-4-20,,35.65624,139.60878,5,7
調剤薬局ツルハドラッグ九品仏駅前店,世田谷区,世田谷区奥沢6-25-10,,35.60498,139.66199,5,7
調剤薬局ツルハドラッグ練馬南田中店,練馬区,練馬区南田中3-17-24,,35.73692,139.61774,5,7
調剤薬局ツルハドラッグ国立店,国立市,国立市中1-17-27　関口第3ビル,,35.69639,139.44514,5,7
調剤薬局ツルハドラッグ若葉台イースト店,稲城市,稲城市若葉台2−1−1 フレスポ若葉台EAST1階,,35.6202,139.47372,5,7
山崎薬局,町田市,町田市南成瀬1-8-1,,35.53717,139.47179,5,7
かすみ薬局,練馬区,練馬区豊玉北4-5-11-101,,35.73476,139.66,5,7
有限会社　桜台薬局,練馬区,練馬区桜台一丁目5番9号メゾン高橋1階,,35.73913,139.66144,5,7
一般社団法人予防・健康協会　新宿内科,渋谷区,渋谷区代々木二丁目6番7号　セイチビル6階,,35.68784,139.69888,5,7
中目黒コヤス歯科,目黒区,目黒区上目黒3-1-14 モデリアブリュット中目黒1F,,35.64523,139.69751,5,7
はちみつ薬局,八王子市,八王子市子安町3-6-7,,35.65165,139.33838,5,7
アイン薬局　NEWoMan新宿店,新宿区,新宿区新宿4丁目1-6 JR新宿ミライナタワー7F,,35.68889,139.70256,5,7
アイン薬局　蒲田店,大田区,大田区南蒲田2丁目25-9,,35.55432,139.72232,5,7
アイン薬局　小平店,小平市,小平市小川西町4丁目12-12　サンエイトオノ１F,,35.73654,139.46158,5,7
アイン薬局　新大久保店,新宿区,新宿区百人町3丁目21-18 新宿高瀬ビル1F,,35.70487,139.69965,5,7
アイン薬局　西新宿店,新宿区,新宿区西新宿6丁目5-1 新宿アイランドタワー西棟,,35.69299,139.69333,5,7
アイン薬局　青梅店,青梅市,青梅市東青梅4丁目17-18,,35.78349,139.2812,5,7
アイン薬局　青梅東店,青梅市,青梅市東青梅4丁目17-26,,35.78349,139.2812,5,7
アイン薬局　石神井台店,練馬区,練馬区石神井台4‐7‐3　石神井台クリニックモールビル1階,,35.73288,139.58385,5,7
アイン薬局　日本医大多摩永山店,多摩市,多摩市永山1丁目7-1 アメニティ棟1F,,35.63121,139.4463,5,7
アイン薬局　拝島店,昭島市,昭島市松原町3丁目2-12 イトーヨーカドー拝島店1F,,35.71561,139.34799,5,7
アイン薬局　武蔵野店,西東京市,西東京市向台町4-21-12,,35.71851,139.53168,5,7
アイン薬局　立川錦町店,立川市,立川市錦町4丁目2-22,,35.69283,139.42224,5,7
そうごう薬局在宅調剤センター青砥店,葛飾区,葛飾区青戸五丁目14番5号青山マンション103,,35.74756,139.85443,5,7
DAIBO株式会社,渋谷区,渋谷区渋谷１丁目１−７セントラル渋谷246ビル3階,,35.66122,139.70705,5,7
いるか元町薬局,清瀬市,清瀬市元町1-1-14 プランドールJ1階,,35.77238,139.52165,5,7
アイン薬局　花小金井店,小平市,小平市花小金井8-1-3,,35.73167,139.50266,5,7
アイン薬局　原町田店,町田市,町田市原町田6-29-3 朝日生命原町田ビル1階,,35.54619,139.44743,5,7
アイン薬局　向原店,東大和市,東大和市向原2丁目1-19,,35.74236,139.43889,5,7
アイン薬局　狛江店,狛江市,狛江市中和泉5丁目31-7,,35.64344,139.56644,5,7
アイン薬局　練馬店,練馬区,練馬区高野台3丁目11-12 采明ビル1F,,35.7429,139.61543,5,7
方南町　共立薬局,杉並区,杉並区堀ノ内1-1-13,,35.68359,139.65623,5,7
ふたば薬局,東大和市,東大和市芋窪3−1631−3,,35.75357,139.41461,5,6
江戸川橋ほたる薬局,文京区,文京区関口1-1-6　新星ビル５階,,35.70792,139.73378,5,7
ゆうわ薬局　日野南平店,日野市,日野市南平５−１−２５　ときわ荘101,,35.66407,139.40652,5,7
北池薬局,豊島区,豊島区池袋本町１−４５−１６　藤和シティコープ池袋１階,,35.74043,139.71333,5,7
白山駅前薬局,文京区,文京区白山五丁目36番9号興和ビル１階,,35.72089,139.75168,5,7
ミナモ薬局／Minamo,世田谷区,世田谷区給田3-32-6,,35.66755,139.59351,5,7
アイン薬局　青梅今寺店,青梅市,青梅市今寺5-10,,35.79253,139.30165,5,7
アイン薬局　東大和店,東大和市,東大和市上北台3丁目446-1,,35.74236,139.41505,5,7
アイン薬局　日野万願寺店,日野市,日野市万願寺1丁目13-6,,35.67534,139.4203,5,7
アイン薬局　八王子店,八王子市,八王子市大谷町302,,35.67282,139.34883,5,5
あっとほーむ薬局,品川区,品川区東大井5-14-7,,35.60629,139.73671,5,7
あやめ薬局,葛飾区,葛飾区亀有3-4-12,,35.76497,139.84639,5,7
あやめ薬局 ポラリス,葛飾区,葛飾区白鳥3丁目25-5,,35.75301,139.84344,5,7
ニシザワ薬局,千代田区,千代田区内神田3-14−8 ニシザワビル1階,,35.69174,139.76994,5,7
吉田薬局,葛飾区,葛飾区新小岩二丁目30番1号,,35.71584,139.86311,5,7
あおば薬局住吉店,墨田区,墨田区江東橋五丁目3番13号写測ビル2階,,35.68894,139.81122,5,7
スマイル薬局,江戸川区,江戸川区興宮町17番5号,,35.72481,139.87476,5,7
岡崎薬局,杉並区,杉並区成田東２−３３−１３,,35.69188,139.63673,5,7
なごみの薬局 なくすりーな日の出,足立区,足立区日ノ出町27 日の出町団地 第4号棟108号室,,35.752,139.80812,5,7
きらら薬局,荒川区,荒川区西尾久2-4-18,,35.7501,139.76436,5,7
龍生堂薬局　アイランドタワー店,新宿区,新宿区西新宿6-5-1　新宿アイランドタワー1階,,35.69299,139.69333,5,7
龍生堂薬局　ワセダ東店,新宿区,新宿区高田馬場1-6-16　ユニオンビル1階,,35.7112,139.70769,5,7
龍生堂薬局　四谷三丁目店,新宿区,新宿区四谷3-12　サワノボリ・ビルディング1F,,35.68763,139.71967,4,7
龍生堂薬局　大久保店,新宿区,新宿区百人町1-15-18　龍生堂大久保ビル1階,,35.70068,139.69881,5,7
龍生堂薬局　新大久保店,新宿区,新宿区百人町2-5-4　土屋ビル1階,,35.7031,139.70021,5,7
龍生堂薬局　新宿店,新宿区,新宿区新宿3-21-6,,35.69304,139.70232,5,7
龍生堂薬局　東新宿店,新宿区,新宿区新宿5-11-1　ホーメスト新宿ビル1階,,35.69277,139.70744,5,7
龍生堂薬局　西荻店,杉並区,杉並区西荻北2-3-1,,35.70462,139.60094,5,7
龍生堂薬局　立川店,立川市,立川市柴崎町2-1-5,,35.69777,139.41144,5,7
龍生堂薬局　国立店,国分寺市,国分寺市光町1-41-6,,35.70385,139.44614,5,6
龍生堂薬局　村山店,東大和市,東大和市上北台2-916-6,,35.74418,139.41095,5,7
龍生堂薬局　桜が丘店,東大和市,東大和市桜が丘3-44-17　桜が丘団地5号棟101号,,35.73417,139.41844,5,7
龍生堂薬局　ベルブ永山店,多摩市,多摩市永山1-5　ベルブ永山2F,,35.62847,139.44868,5,7
龍生堂薬局　多摩センター店,多摩市,多摩市落合1-44　丘の上プラザ101,,35.62379,139.42589,5,7
龍生堂薬局　永山店,多摩市,多摩市永山1-4　グリナード永山3F,,35.62925,139.44814,5,7
東京中央薬局,中野区,中野区中央二丁目59番18号ジャロックビル1F,,35.70164,139.67639,5,7
日本調剤石神井公園薬局,練馬区,練馬区石神井町3-21-9第三島光ビル1階,,35.74319,139.60684,5,7
グリーンロード薬局,小平市,小平市花小金井南町1-26-6,,35.72576,139.51166,5,7
アイリス薬局,東村山市,東村山市諏訪町2-32-1,,35.77,139.46288,5,7
やさか調剤薬局,東村山市,東村山市栄町3-16-24,,35.74557,139.46751,5,7
梅園薬局,清瀬市,清瀬市梅園3-4-26,,35.77128,139.5005,5,7
有限会社　みゆき薬局,板橋区,板橋区徳丸3-11-1,,35.7704,139.65533,5,7
サンロード薬局,豊島区,豊島区長崎2-27-15 1F,,35.72959,139.69295,5,7
東池薬局,豊島区,豊島区東池袋1-7-10鳥駒第1ビル1F,,35.73159,139.71399,5,7
矢口の渡薬局,大田区,大田区多摩川1丁目6番21号藤森ビル1階,,35.56295,139.70006,5,7
丘の上薬局　下高井戸店,世田谷区,世田谷区赤堤5-30-15　しもたかいどメディカルタウン102号,,35.66503,139.63843,5,7
丘の上薬局　つつじヶ丘店,調布市,調布市東つつじケ丘1-2-4　OGビル1F,,35.65874,139.57559,5,7
丘の上薬局　多摩センター店,多摩市,多摩市落合1-32-1　多摩センターペペリビル403号,,35.62457,139.42798,5,7
丘の上薬局　聖蹟桜ケ丘店,多摩市,多摩市関戸4-72オーパ1F,,35.64963,139.44705,5,7
クオール薬局下高井戸店,世田谷区,世田谷区松原３−２８−９,,35.66555,139.64233,5,7
クオール薬局奥沢２号店,世田谷区,世田谷区奥沢3-33-12けやきガーデン奥沢,,35.60326,139.67241,5,7
椎名町薬局,豊島区,豊島区長崎3-19-15,,35.73023,139.68849,5,7
西池薬局,豊島区,豊島区西池袋1-4-10　西池袋一丁目ビル新館1階,,35.72832,139.70886,5,7
西池薬局ホテルメトロポリタン店,豊島区,豊島区西池袋一丁目6番1号　ホテルメトロポリタン地下1階,,35.72834,139.70801,5,7
あおぞら薬局,墨田区,墨田区東向島3-29-10　ロングビル1階,,35.72351,139.81482,5,7
恵愛薬局,世田谷区,世田谷区経堂1-18-10,,35.6505,139.63814,5,7
恵愛薬局経堂北口店,世田谷区,世田谷区経堂2-4-2石綿ビル1階,,35.65231,139.63582,5,7
さつき薬局　瑞穂店,西多摩郡瑞穂町,西多摩郡瑞穂町箱根ケ崎538-7,,35.77542,139.34563,5,7
クオール薬局八王子店,八王子市,八王子市子安町4-10-13,,35.65367,139.3378,5,7
ローソンクオール薬局江戸川松江二丁目店,江戸川区,江戸川区松江2-3-4,,35.69675,139.87195,5,7
つくし薬局  中村南店,練馬区,練馬区中村南３−１２−４−１０１,,35.72656,139.64026,5,7
クオール薬局宮益坂店,渋谷区,渋谷区渋谷1-7-5青山セブンハイツ102,,35.66067,139.70616,5,7
クオール薬局奥沢店,世田谷区,世田谷区奥沢3-47-8サンケイプラザビル１階,,35.60404,139.67314,5,7
新橋虎ノ門内視鏡クリニック,港区,港区西新橋1-17-8 須田ビル1F,,35.6676,139.75372,5,7
クオール薬局大塚1号店,豊島区,豊島区南大塚2-10-2,,35.72507,139.7308,5,7
医療法人社団　TAINA　渋谷クリニック,渋谷区,渋谷区道玄坂2-29-19 關口ビル 3階,,35.65957,139.69829,5,7
QOLサポートクオール薬局京王八王子店,八王子市,八王子市明神町4-7-14 八王子ONビル1階,,35.65824,139.34219,5,7
タマナ薬局,練馬区,練馬区南大泉5-31-14,,35.74947,139.57004,5,7
オリーブ薬局,墨田区,墨田区太平3-10-5　淡海ビル1階,,35.70091,139.81354,5,7
クオール薬局　調布店,調布市,調布市小島町1丁目35-13,,35.65349,139.54263,5,7
くみ薬局,文京区,文京区小石川三丁目29番1号1階,,35.71392,139.74948,5,7
寿々薬局,文京区,文京区本駒込1-1-8,,35.72342,139.75352,5,7
カンジュドー薬局 下高井戸店,世田谷区,世田谷区赤堤4-46-13,,35.66587,139.64072,5,7
イムノファーマシー雑色薬局,大田区,大田区仲六郷2-38-5,,35.5494,139.71275,5,7
つくし薬局  大和町店,中野区,中野区大和町1-46-15,,35.71283,139.65013,5,7
ルナ自由が丘薬局,目黒区,目黒区緑が丘2-24-15　コリーヌ自由が丘EST　１A,,35.60859,139.67165,5,7
クオール薬局　小山台店,品川区,品川区小山3-5-6 ロジマン武蔵小山1F,,35.62134,139.70509,5,7
グリーン薬局,武蔵野市,武蔵野市境南町3-5-4　坂田ビル1階,,35.70127,139.53961,5,7
クオール薬局京急蒲田駅前店,大田区,大田区蒲田4-10-14あすとウィズ1階　107号室,,35.56153,139.72369,5,7
みどり薬局千ヶ瀬,青梅市,青梅市千ケ瀬町6-784-1,,35.78652,139.26059,5,7
みどり薬局武蔵村山,武蔵村山市,武蔵村山市榎2-84-6,,35.74094,139.39323,5,7
みどり薬局,あきる野市,あきる野市引田92-4,,35.72158,139.26649,5,5
みどり薬局五日市,あきる野市,あきる野市五日市72,,35.72849,139.22421,5,7
みどり薬局東秋留,あきる野市,あきる野市二宮1021-7,,35.72935,139.31071,5,7
みどり薬局日の出,西多摩郡日の出町,西多摩郡日の出町大久野112,,35.76409,139.21674,5,5
つなぐ薬局足立,足立区,足立区梅島2-11-6モリタコーポ東側1階,,35.77637,139.80048,5,7
クオール薬局神宮前店,渋谷区,渋谷区神宮前6-8-6　OSDビル1階,,35.66687,139.70575,5,7
エール薬局大井町店,品川区,品川区東大井5-14-15　大井町MCビル1階,,35.60629,139.73671,5,7
クオール薬局高輪店,港区,港区高輪3-10-10,,35.6318,139.73128,5,7
大森薬局,大田区,大田区大森中1-22-1　サンパレス1階,,35.56868,139.73506,5,7
ミライのくすり屋さん,町田市,町田市つくし野1-22-1つくし野プラザA106,,35.52862,139.48413,5,7
一般社団法人 ウェルケア　Aiメディカルクリニック銀座,中央区,中央区銀座七丁目13番12号サクセス銀座第7ビル11階,,35.66762,139.76405,5,7
クオール薬局下北沢店,世田谷区,世田谷区北沢2-20-14　マツヤ本社ビル１階,,35.66085,139.66707,5,7
クオール薬局　中板橋店,板橋区,板橋区中板橋２０番１−１０３号　モダ・ビエント中板橋プラシア,,35.75584,139.69659,5,7
クオール薬局狛江２号店,狛江市,狛江市東和泉1-18-1,,35.63198,139.57764,5,7
めじろ台南調剤薬局,八王子市,八王子市めじろ台二丁目19番地9,,35.64226,139.30841,5,7
なみえファーマシー,武蔵野市,武蔵野市吉祥寺北町1-1-2 トラッセルズ吉祥寺B,,35.70805,139.57922,5,7
清水薬局 多摩平ファーマシー,日野市,日野市多摩平1-4-19,,35.6619,139.37939,5,7
清水薬局 多摩平二丁目店,日野市,日野市多摩平2-5-3 豊田パールハイツ1階,,35.66399,139.37981,5,7
清水薬局 本店,日野市,日野市多摩平3-12-3 福博ビル1階,,35.66314,139.37704,5,7
清水薬局多摩平店,日野市,日野市多摩平1-4-7　佐々木ビル1階,,35.6619,139.37939,5,7
コトブキ調剤薬局お茶の水店,千代田区,千代田区神田駿河台二丁目10番地1,,35.69891,139.76428,5,7
阪神調剤薬局エスティ薬局店,北区,北区浮間3-1-52　リレント北赤羽1階,,35.78671,139.70158,5,7
阪神調剤薬局六ツ木店,足立区,足立区六木1-4-16,,35.78983,139.83772,5,7
クオール薬局　府中若松町店,府中市,府中市若松町3-35-3,,35.67314,139.50568,5,7
クオール薬局シティテラスモール金町店,葛飾区,葛飾区新宿六丁目2番15号　シティテラスモール金町,,35.76947,139.8616,5,7
スピカクリニック,港区,港区西麻布1丁目11-6ホテル＆レジデンス六本木1008号,,35.66045,139.72447,5,7
こはる薬局,立川市,立川市若葉町4-1-1　エクセルＭ101,,35.7233,139.43286,5,7
はる薬局,立川市,立川市若葉町3-2-2,,35.72243,139.43303,5,7
学園薬局小平団地店,小平市,小平市喜平町3-2-5-104,,35.71899,139.4884,5,7
マツモトファーマシー　にこたま薬局,世田谷区,世田谷区玉川3-39-11の駐車場,,35.61775,139.6205,5,7
グレース薬局,世田谷区,世田谷区南烏山六丁目３番９号ミール千歳烏山１０４号室,,35.66938,139.60027,5,7
メディスンショップあじさい薬局,杉並区,杉並区高円寺南二丁目４５番１６号,,35.70175,139.64905,5,7
メディスンショップりぼん薬局,杉並区,杉並区西荻北二丁目３番９号グランピア西荻窪201号室,,35.70462,139.60094,5,7
クオール薬局大崎店,品川区,品川区大崎1-6-5　大崎ニューシティ5号館2階,,35.62012,139.72948,5,7
クオール薬局丸の内店,千代田区,千代田区大手町2丁目2番1号,,35.68547,139.76729,5,7
さつき薬局　めじろ台店,八王子市,八王子市めじろ台２−１−１,,35.64315,139.30792,5,7
さつき薬局　北野店,八王子市,八王子市長沼町１３０７−１１,,35.64639,139.36032,5,7
さつき薬局　椚田店,八王子市,八王子市椚田町５５２−９グリーンハウス大巻,,35.63687,139.30742,5,7
さつき薬局　楢原店,八王子市,八王子市楢原町１４８２−２,,35.6839,139.29982,5,7
さつき薬局　横川店,八王子市,八王子市横川町６９７−２,,35.66479,139.29918,5,7
さつき薬局　深大寺北店,調布市,調布市深大寺北町５−１５−３,,35.67921,139.55132,5,7
さつき薬局　秋川店,あきる野市,あきる野市秋川６−２−５,,35.72889,139.29137,5,7
フラワー薬局貫井店,練馬区,練馬区貫井3-2-8富士見台駅前ビル1階店舗,,35.73541,139.62929,5,7
フラワー薬局　東中野店,中野区,中野区東中野５−１−１ユニゾンモール３F,,35.70659,139.68742,5,7
クオール薬局　柿の木坂店,目黒区,目黒区柿の木坂1-30-7　アトゥレ柿の木坂101,,35.61861,139.67552,5,7
クオール薬局石神井店,練馬区,練馬区石神井町5-1-9ハイライフ石神井1階,,35.73997,139.60808,5,7
クオール薬局　駒込店,豊島区,豊島区駒込三丁目6番15号　モラダ駒込1階,,35.73673,139.74448,5,7
クオール薬局　高幡店,日野市,日野市高幡326-1　第3滝瀬ビル1階,,35.66175,139.41455,5,7
薬局エスエルファーマシー,中央区,中央区明石町8-1 聖路加ガーデン 聖路加タワー2階,,35.66677,139.77853,5,7
青空薬局,日野市,日野市高幡328-1,,35.66282,139.41435,5,7
みずほ薬局花小金井店,小平市,小平市花小金井南町1-18-25　NR花小金井駅前1階,,35.72493,139.51126,5,7
クオール薬局恵比寿店,目黒区,目黒区三田1-11-1Ｙ・Ｔタナカビル1階,,35.64137,139.71242,5,7
クオール薬局読売新聞東京本社店,千代田区,千代田区大手町1-7-1　読売新聞ビル3階,,35.68707,139.76505,5,7
クオール薬局　竹の塚店,足立区,足立区竹の塚5-11-6,,35.7943,139.79753,5,7
クオール薬局金森店,町田市,町田市金森東3-12-30,,35.52993,139.46274,5,7
QOLサポートクオール薬局田町店,港区,港区芝5-27-6 泉田町ビル1F,,35.64705,139.74617,5,7
クオール薬局町田旭町店,町田市,町田市旭町1-15-21　町田リリエンハイム102,,35.55311,139.44099,5,7
麻布十番PCR検査場,港区,港区南麻布1-6-4 R-stay AZABU 1/2A号室,,35.65187,139.73613,5,7
渋谷二丁目PCR検査場,渋谷区,渋谷区渋谷2丁目10-15 NV I Bldg. 1F,,35.66022,139.70657,5,7
ライフバランス薬局,墨田区,墨田区太平三丁目1番1号,,35.69972,139.81342,5,7
桜木薬局,台東区,台東区上野桜木1丁目11番13号,,35.72116,139.77138,5,7
ミスト薬局,杉並区,杉並区梅里1-7-14,,35.69747,139.64897,5,7
とまと薬局西日暮里店,荒川区,荒川区西日暮里6丁目54番11号102号室,,35.73538,139.76802,5,7
クオール薬局ちどり店,大田区,大田区千鳥2-39-6,,35.56783,139.69505,5,7
クオール薬局初台店,渋谷区,渋谷区初台一丁目51番5号アクス初台101,,35.68086,139.68654,5,7
クオール薬局　王子店,北区,北区王子1-5-2テング第一ビル,,35.75365,139.73857,5,7
ファーミック薬局 南街店,東大和市,東大和市南街５−９６−１　レイズテラス１Ｆ,,35.73465,139.43456,5,7
クオール薬局南烏山店,世田谷区,世田谷区南烏山2-9-17,,35.66647,139.60582,5,7
おうめ薬局,青梅市,青梅市西分町2-54-3-1,,35.78974,139.26216,5,7
ケンポドー・ファーマシー,世田谷区,世田谷区経堂2-16-15,,35.6518,139.63419,5,7
ケンポドー三番館薬局,世田谷区,世田谷区宮坂3-9-4アルカディア経堂109,,35.6525,139.63803,5,7
ケンポドー薬局五番館,世田谷区,世田谷区経堂1-6-15　REGARO経堂A,,35.64878,139.63663,5,7
ケンポドー薬局城山通り店,世田谷区,世田谷区経堂1-4-9,,35.64798,139.63635,5,7
ケンポドー薬局恵泉通り店,世田谷区,世田谷区宮坂3-45-2,,35.65494,139.63306,5,7
ケンポドー薬局豪徳寺店,世田谷区,世田谷区宮坂2-26-5,,35.65361,139.64529,5,7
クオール薬局渋谷駅東口店,渋谷区,渋谷区渋谷1-14-9　藤和宮益坂ビル1階,,35.66,139.70268,5,7
アビック薬局　立川錦町店,立川市,立川市錦町1-20-12,,35.6946,139.42056,5,7
松の木薬局,立川市,立川市錦町3-1-31 ルネス錦町1階,,35.69376,139.41803,5,7
アビック薬局　小平店,小平市,小平市花小金井8-1-5,,35.73167,139.50266,5,7
アビック薬局　清瀬の森店,清瀬市,清瀬市竹丘1-17-46,,35.76948,139.50812,5,7
アビック薬局　清瀬元町店,清瀬市,清瀬市元町1-4-26 清瀬パークホームズ1階101,,35.77325,139.52049,5,7
アビック薬局,東久留米市,東久留米市幸町4-2-1 ストリーム90 1階,,35.7568,139.51691,5,7
アビック薬局　新川町店,東久留米市,東久留米市新川町1-3-35 K　BLDG　1階,,35.7601,139.5354,5,7
アビック薬局　本町店,東久留米市,東久留米市本町3-1-1 マロニエヒルズ1階,,35.75834,139.53067,5,7
アビック薬局　保谷店,西東京市,西東京市下保谷4-13-23,,35.74915,139.56734,5,7
クオール薬局成瀬台店,町田市,町田市成瀬台3-8-5,,35.55481,139.47842,5,7
フラワー薬局　保谷駅南口店,西東京市,西東京市東町3-14-24　保谷駅南口メディカルモール1階,,35.7478,139.56685,5,7
クオール薬局幡ヶ谷店,渋谷区,渋谷区幡ヶ谷2丁目18-17 Jewelry parts hatagaya 1階,,35.67721,139.67479,5,7
アビック薬局　国分寺南町店,国分寺市,国分寺市南町3-1-28　飛べない飛行船B1階,,35.69677,139.48029,5,7
陽だまり薬局,世田谷区,世田谷区船橋１−４４−５ 盛徳ビル１階,,35.65099,139.61992,5,7
クオール薬局押上店,墨田区,墨田区文花1-17-17　福島ビル1階,,35.71144,139.82236,5,7
つくし薬局,練馬区,練馬区豊玉北５−３−１７,,35.73649,139.65581,5,7
お茶の水調剤薬局本店,千代田区,千代田区神田駿河台２丁目２番地５ 井口ビル1階,,35.69894,139.76349,5,7
フラワー薬局　練馬駅前店,練馬区,練馬区豊玉北5-17-22 TSAビル1階,,35.737,139.65469,5,7
クオール薬局　高島平店,板橋区,板橋区高島平八丁目15番6-106号メゾン高橋,,35.7901,139.66151,5,7
医療法人社団慶洋会ケイアイクリニック,新宿区,新宿区四谷1-20-23ケイアイメディカルビル1階,,35.68683,139.72868,5,7
うずらやま薬局,豊島区,豊島区目白2-5-27　目白邸苑１階,,35.721,139.71214,5,7
きらり薬局　門前仲町店,江東区,江東区門前仲町２丁目１１−９あしたばビル １階,,35.67333,139.79666,5,7
クオール薬局古川橋店,港区,港区南麻布2-10-19　ボヌール南麻布101,,35.64799,139.7356,5,7
フラワー薬局東小金井駅前店,小金井市,小金井市梶野町5-3-6東小金井フラワーメディカルモール102号,,35.70242,139.52475,5,7
クオール薬局八広店,墨田区,墨田区八広2-1-2,,35.71738,139.82367,5,7
株式会社市川薬局,大田区,大田区上池台1丁目10番9号,,35.60224,139.69804,5,7
外山薬局　南砂支店,江東区,江東区南砂1-10-2,,35.67908,139.82364,5,7
クオール薬局滝野川店,北区,北区滝野川6-14-9　東京先端医療モールビル１階,,35.74385,139.72504,5,7
医療法人社団　中央白報会　総合クリニック　ドクターランド錦糸町,墨田区,墨田区太平4-1-2　オリナスモール4階,,35.70058,139.81612,5,7
クオール薬局葛飾高砂店,葛飾区,葛飾区高砂3-27-13,,35.74796,139.8696,5,7
エンジェル薬局船堀2号店,江戸川区,江戸川区船堀3-5-7トキビル2階,,35.68237,139.86484,5,7
エンジェル薬局一之江店,江戸川区,江戸川区一之江7丁目81番7号KUビル1階,,35.68516,139.88036,5,7
あさひ薬局大井町店,品川区,品川区大井1-52-8オキナビル101,,35.60498,139.73384,5,7
経堂わかば薬局,世田谷区,世田谷区経堂5-35-20シャルム経堂102,,35.64782,139.6293,5,7
高野台薬局,練馬区,練馬区高野台1-8-13,,35.74232,139.61655,5,7
フラワー薬局　代々木上原店,渋谷区,渋谷区西原3-7-8　フィールド代々木上原1階,,35.66986,139.6808,5,7
外山薬局,江東区,江東区北砂2−1−20,,35.67802,139.82628,5,7
南大塚無料検査場,豊島区,豊島区南大塚3-32-10　今井ビル2階,,35.7313,139.72696,5,7
狛江無料検査場,狛江市,狛江市駒井町1-5-1,,35.62708,139.58694,5,7
クオール薬局駒沢店,世田谷区,世田谷区駒沢二丁目2番17号,,35.63381,139.66039,5,7
たがら薬局光が丘店,練馬区,練馬区田柄五丁目27番11号ハートビル地下1階,,35.75956,139.63211,5,7
無料PCR検査場（テレコムセンタービル）,江東区,江東区青海二丁目5番10号　テレコムセンタービルＷＥＳＴ3階,,35.61681,139.78021,5,7
オルオンクリニック,江東区,江東区清澄3−4−4　根本事務所2F,,35.68163,139.79834,5,7
薬局はなファーマシー曳舟,墨田区,墨田区京島1-2-2-F104　イーストコア曳舟商業館1階,,35.71729,139.81779,5,7
健ナビ薬樹薬局都立大学,目黒区,目黒区中根二丁目12番5号大菊ビル1階,,35.61601,139.67601,5,7
薬樹薬局北池袋,豊島区,豊島区上池袋四丁目29番9号北池テラス1階,,35.74129,139.71841,5,7
健ナビ薬樹薬局成瀬,町田市,町田市南成瀬1丁目8番地21成瀬メディカルビル1階,,35.53717,139.47179,5,7
薬樹薬局元町,清瀬市,清瀬市元町一丁目8番20号,,35.77359,139.51941,5,7
クオール薬局西葛西店,江戸川区,江戸川区西葛西六丁目１２番１号,,35.66266,139.85933,5,7
お茶の水駅前薬局,千代田区,千代田区神田駿河台２丁目３番地お茶の水高木ビル１階,,35.70095,139.76111,5,7
南大井薬局,品川区,品川区南大井6-21-15,,35.58967,139.73222,5,7
ぷらむ薬局,大田区,大田区蒲田2-5-3,,35.56736,139.72592,5,7
医療法人誠仁会赤羽PCR検査センター,北区,北区赤羽2-4-14 蛇の目ビルB１,,35.77925,139.72437,5,7
クオール薬局梅ヶ丘店,世田谷区,世田谷区梅丘1-24-12　ピュアライン第7ビル　1階,,35.65597,139.65398,5,7
クオール薬局月島店,中央区,中央区月島四丁目5番12号,,35.66042,139.78348,5,7
クオール薬局狛江店,狛江市,狛江市中和泉1-1-1　　狛江YSビル1・2階,,35.6339,139.57751,5,7
クオール薬局南田中店,練馬区,練馬区南田中2-8-16,,35.7354,139.61728,5,7
ふたば薬局,八王子市,八王子市千人町２−３−１０,,35.65834,139.31375,5,7
フラワー薬局西六郷店,大田区,大田区西六郷一丁目１４番１号　パレス西六郷　１階,,35.55378,139.7086,5,7
患者目線のクリニック虎ノ門　内科・皮膚科,港区,港区虎ノ門1-16-17虎ノ門黒沢ビル5F,,35.66849,139.74886,5,7
クオール薬局向島店,墨田区,墨田区堤通1-19-11　リバーサイド隅田ガーデンプラザ2階,,35.72705,139.81187,5,7
医療法人千雅 PCR検査センター秋葉原,千代田区,千代田区外神田４-３-11,,35.70063,139.77182,5,7
クオール薬局四谷店,千代田区,千代田区麹町5丁目4番地セタニビル1階,,35.68473,139.73404,5,7
フラワー薬局府中寿町店,府中市,府中市寿町２−４−４２,,35.67373,139.47565,5,7
無料PCRセンター東中野駅前,中野区,中野区東中野3-1-2-2F,,35.70651,139.68185,5,7
ケーズ桜台駅前無料PCRセンター,練馬区,練馬区羽沢1-7-7 第二ゼネラルビル2F,,35.74138,139.6694,5,7
平井駅前PCR無料検査センター,江戸川区,江戸川区平井5-21-2 クレア平井ビル6F,,35.70758,139.84206,5,7
YELL合同会社 中河原PCRセンター,府中市,府中市住吉町5-2-2 矢部ビル2F,,35.65911,139.45682,5,7
クリスタル薬局,江戸川区,江戸川区西葛西4-2-34 1階,,35.66786,139.8625,5,7
クオール薬局練馬店,練馬区,練馬区豊玉北5丁目32番4号角ビル1階,,35.73664,139.65295,5,7
クオール薬局　大山店,板橋区,板橋区栄町28-4,,35.75373,139.70125,5,7
石井薬局,杉並区,杉並区阿佐谷南2-16-4,,35.7046,139.63712,5,7
中川薬局,港区,港区三田2-7-9　サニークレスト三田 1階,,35.65153,139.74403,5,7
ヒルマ薬局小豆沢店,板橋区,板橋区小豆沢2-17-1,,35.77575,139.69595,5,7
めぐみ薬局氷川町店,板橋区,板橋区氷川町２５−２コーポ豊1階,,35.75415,139.70601,5,7
Bar hikage,練馬区,練馬区関町北4-3-1　房田ビル2階,,35.72816,139.57697,5,7
赤坂虎の門クリニック,港区,港区赤坂1-8-1 赤坂インターシティーAIR 地下1階,,35.66959,139.74266,5,7
かすが薬局,練馬区,練馬区春日町3-4-9,,35.74842,139.64261,5,7
フラワー薬局永福町駅前店,杉並区,杉並区和泉3-4-7　永福町駅前店クリニックモール1F,,35.67566,139.64465,5,7
フラワー薬局中村橋千川通り店,練馬区,練馬区中村北四丁目２番３号モリタサンパークビル１０２号室,,35.73637,139.63766,5,7
クオール薬局　武蔵境店,武蔵野市,武蔵野市境南町2-9-25　ルネステージ武蔵境1階,,35.70006,139.54462,5,7
サンキ薬局　幸町店,立川市,立川市幸町3-2-3,,35.71802,139.43115,5,7
サンキ薬局本店,立川市,立川市幸町3-1-5,,35.71785,139.43037,5,7
クオール薬局八幡山店,世田谷区,世田谷区八幡山3丁目34-2　リーベ21　1階,,35.6693,139.61635,5,7
白金ヴェルデ薬局,港区,港区白金1-26-3　白金ファクトリーファイブ101号室,,35.64402,139.73335,5,7
のぞみ薬局,品川区,品川区旗の台4-1-10,,35.60432,139.70433,5,7
ふたば調剤薬局,品川区,品川区東五反田4-11-14,,35.62998,139.72575,5,7
わかば薬局,品川区,品川区西中延2-15-23　アネックス旗の台１階,,35.60888,139.7056,5,7
あおば薬局田園調布店,大田区,大田区田園調布3-25-1,,35.59653,139.66673,5,7
渋谷調剤薬局,渋谷区,渋谷区広尾5-25-8　第２広尾フラワーハイホームB棟105号,,35.64774,139.72169,5,7
メディカル薬局,練馬区,練馬区立野町　1-29,,35.71271,139.58612,5,7
フラワー薬局中村橋駅前店,練馬区,練馬区貫井一丁目7番28号　高山ビル1F,,35.73787,139.63629,5,7
オリーブ薬局,新宿区,新宿区下落合1-7-11栄新ビル1階,,35.71533,139.70062,5,7
みずほ薬局上町店,世田谷区,世田谷区世田谷3-12-10,,35.64374,139.64777,5,7
下宿薬局桜丘2号店,世田谷区,世田谷区桜丘2-25-3,,35.64646,139.62218,5,7
下宿薬局桜丘店,世田谷区,世田谷区桜丘2-25-4,,35.64646,139.62218,5,7
下宿薬局船橋店,世田谷区,世田谷区船橋1-30-3-1-A,,35.64836,139.62111,5,7
フラワー薬局世田谷桜丘店,世田谷区,世田谷区桜丘4-2-1コーポ石川101号室,,35.63891,139.62378,5,7
メトロファーマシー神田,千代田区,千代田区鍛冶町2-8-6　メディカルプライム神田1F,,35.69241,139.77219,5,7
メトロファーマシー高輪台,港区,港区高輪3-8-17　メディカルプライム高輪1F,,35.63239,139.73111,5,7
カワダ薬局,新宿区,新宿区河田町11番7号　河田町STビル,,35.69907,139.71808,5,7
なの花薬局　大泉学園店,練馬区,練馬区大泉学園町4-22-4　パールハイツ大塚1階,,35.76606,139.58772,5,7
なの花薬局　東伊興店,足立区,足立区東伊興３−２１−５,,35.80383,139.79182,5,7
なの花薬局　梅島店,足立区,足立区梅田7丁目18番13号,,35.76988,139.79913,5,7
なの花薬局　昭島駅前店,昭島市,昭島市田中町562-8昭島昭和第一ビル北館1F,,35.7137,139.3645,5,7
なの花薬局　町田森野店,町田市,町田市森野2-8-15　AWA渋谷ビル地下1階-1,,35.54767,139.43784,5,7
なの花薬局　鶴川大通り店,町田市,町田市大蔵町2221-2　 NSビル1階,,35.58401,139.47565,5,7
なの花薬局　田無店,西東京市,西東京市田無町4-29-3　SAビル1F,,35.72933,139.5397,5,7
赤坂無料検査センター,港区,港区赤坂3-21-17 ASK赤坂ビル7階,,35.6769,139.73576,5,7
アルコ薬局,目黒区,目黒区下目黒1-8-1　アルコタワー2F,,35.63163,139.71381,5,7
クオール薬局虎ノ門店,港区,港区虎ノ門1-16-17黒沢ビル1階,,35.66849,139.74886,5,7
羽田国際空港薬局,大田区,大田区東糀谷２−１１−１８,,35.55464,139.74161,5,7
クオール薬局北葛西店,江戸川区,江戸川区北葛西5-15-2,,35.67338,139.86458,5,7
麻布十番クリニック,港区,港区麻布十番1−7−11 深瀬ビル2階,,35.65644,139.73473,5,7
フラワー薬局　野方店,中野区,中野区野方5-3-1野方WIZ103,,35.71838,139.65331,5,7
さつき薬局,墨田区,墨田区東向島3-36-8,,35.72113,139.81656,5,7
スズラン薬局向島店,墨田区,墨田区向島3-33-15,,35.71175,139.8084,5,7
四つ木薬局,葛飾区,葛飾区東四つ木3-47-16,,35.72958,139.84023,5,7
すみれ調剤薬局,大田区,大田区池上2-15-2,,35.57806,139.70132,5,7
スミダ薬局　高田馬場店,新宿区,新宿区高田馬場4-4-2　尾上ビル101,,35.71241,139.70233,5,7
スミダ薬局,荒川区,荒川区南千住3-4-5　1階,,35.72978,139.8,5,7
スミダ薬局　四つ木店,葛飾区,葛飾区四つ木4-5-11,,35.73798,139.83287,5,7
大角医院,練馬区,練馬区上石神井４−３−２３,,35.72786,139.59081,5,7
クオール薬局広尾駅前店,港区,港区南麻布5-10-25-1階,,35.65329,139.72263,5,7
the肉丼の店　蒲田店,大田区,大田区西蒲田7-5-5,,35.56371,139.71519,5,7
ザ旨いもんバル×the肉丼の店　下北沢店,世田谷区,世田谷区北沢2-14-5,,35.6599,139.6676,5,7
the肉丼の店　吉祥寺店,武蔵野市,武蔵野市吉祥寺本町1-14-12,,35.70441,139.58055,5,7
クオール薬局南大泉店,練馬区,練馬区南大泉1-15-39　スプリング1Ｆ,,35.73668,139.57506,5,7
ナガワ薬品 水天宮駅検査所,中央区,中央区日本橋人形町2-14-12,,35.68449,139.78506,5,7
ナガワ薬品 赤坂検査所,港区,港区赤坂2-14-11　RITZビル1階,,35.67206,139.73711,5,7
ナガワ薬品 大久保検査所,新宿区,新宿区百人町１−１７−６　成田ビルB1,,35.70102,139.69756,5,7
ナガワ薬品 新宿百人町検査所,新宿区,新宿区百人町1-3-1-301,,35.70044,139.70206,5,7
ナガワ薬品 湯島検査所,文京区,文京区湯島3-43-11 雀ビル1階,,35.70872,139.771,5,7
ナガワ薬品  浅草第二検査所,台東区,台東区浅草2-19-5 イントラビル2F,,35.71687,139.79291,5,7
ナガワ薬品 かっぱ橋検査所,台東区,台東区西浅草2丁目20-7,,35.7135,139.789,5,7
ナガワ薬品 上野昭和通り検査所,台東区,台東区上野７−５−８　1F,,35.7132,139.7784,5,7
ナガワ薬品 浅草検査所,台東区,台東区浅草1-2-11,,35.71106,139.79675,5,7
ナガワ薬品 蔵前検査所,台東区,台東区寿3-8-1　鈴木ビル1階,,35.70643,139.79099,5,7
ナガワ薬品衛生検査所,台東区,台東区鳥越二丁目２番１５号　ケイワンビル３階,,35.702,139.78705,5,7
ナガワ薬品 砂町銀座検査所,江東区,江東区北砂4-18-14,,35.67891,139.83093,5,7
ナガワ薬品 池袋検査所,豊島区,豊島区池袋1-10-10原マンション203,,35.73602,139.71274,5,7
ナガワ薬品 王子検査所,北区,北区豊島1-32-4フラワー豊島302,,35.75698,139.74155,5,7
ナガワ薬品 北千住検査所,足立区,足立区千住旭町19-9,,35.74775,139.80957,5,7
ナガワ薬品 小岩2丁目検査所,江戸川区,江戸川区北小岩2-9-11,,35.74171,139.8835,5,7
ナガワ薬品 東小岩1丁目検査所,江戸川区,江戸川区東小岩1-10-16,,35.72347,139.89026,5,7
ナガワ薬品 立川検査所,立川市,立川市錦町1-3-21ライオンビル604,,35.69654,139.41531,5,7
エンジェル薬局,江戸川区,江戸川区船堀3-5-7　トキビル1階,,35.68237,139.86484,5,7
薬局しなやく,品川区,品川区西五反田３−６−６,,35.62768,139.71785,5,7
四谷駅前pcr検査センター,新宿区,新宿区四谷1-9-3 新盛ビル1階,,35.68625,139.72774,5,7
浅草駅前pcr検査センター,台東区,台東区花川戸1-10-14 LASPACIO浅草スカイビュースクエア1階,,35.71264,139.79907,5,7
目黒駅前pcr検査センター,目黒区,目黒区目黒1-5-17 マツヤ第一ビル1階2階,,35.63522,139.71255,5,7
大岡山駅前pcr検査センター,大田区,大田区北千束1丁目45-12 清風堂ビル1F,,35.60806,139.6866,5,7
大森駅前pcr検査センター,大田区,大田区山王2-3-8 芳花園ビル1階,,35.58664,139.72629,5,7
渋谷駅前pcr検査センター,渋谷区,渋谷区宇田川町16-6 宇田川町ダイタンビル1階2階3階,,35.66124,139.69905,5,7
練馬駅前pcr検査センター,練馬区,練馬区練馬1-1-4 武内ビル1階,,35.73796,139.65646,5,7
府中駅前pcr検査センター,府中市,府中市寿町1-6-2 ことぶきマンション1階,,35.67424,139.47861,5,7
和堂薬局,中野区,中野区上鷺宮4-16-8,,35.73496,139.63008,5,7
はあと薬局　日暮里店,荒川区,荒川区東日暮里6-18-6トヨダビル７F,,35.72909,139.77687,5,7
メディスンショップなります薬局,板橋区,板橋区成増2-21-21東京飯店ビル１階,,35.77803,139.63029,5,7
あおぞら薬局堀切菖蒲園店,葛飾区,葛飾区堀切3-3-3,,35.74661,139.82689,5,7
たんぽぽ薬局金町店,葛飾区,葛飾区東金町1-39-1グリーンハイツ金町106号,,35.77093,139.87224,5,7
ピーチ薬局　亀有店,葛飾区,葛飾区亀有3-33-15 コーポラス雅1階102号,,35.76432,139.84915,5,7
日本調剤南阿佐ヶ谷薬局,杉並区,杉並区成田東4-38-19朝日生命杉並第二ビル1階,,35.69878,139.63608,5,7
池袋スタークリニック・デンタルアンドメディカル銀座営業所,中央区,中央区銀座6丁目12-12　銀座ステラビル６階,,35.66914,139.76462,5,7
西麻布エルコンフォート,港区,港区西麻布1-12-5　SW六本木通ビル1F,,35.66023,139.72392,5,7
株式会社アースケア,品川区,品川区上大崎3丁目7-8　しろがねロッカス301号,,35.63299,139.72009,5,7
株式会社エムズ医療研究所,大田区,大田区東雪谷5-28-10,,35.59139,139.68958,5,7
新茗賀株式会社大塚営業所,豊島区,豊島区南大塚3丁目53-3　万葉ビル302号,,35.73048,139.72842,5,7
新茗賀株式会社駒込営業所,豊島区,豊島区駒込2丁目7-9　駒込千成オリエントコート,,35.73899,139.74698,5,7
株式会社エイル西ヶ原営業所,北区,北区西ヶ原4丁目27-18,,35.74461,139.73648,5,7
日暮里PCR検査場,荒川区,荒川区東日暮里5丁目54-5　佐野ビル1階,,35.72671,139.77371,5,7
株式会社エイル練馬営業所,練馬区,練馬区田柄2丁目4-9　サンゼル田柄2−101号,,35.76301,139.64566,5,7
株式会社エイル北千住営業所,足立区,足立区千住2-62-15,,35.74902,139.80371,5,7
STORY立川営業所,立川市,立川市柴崎町3-4-8　神田ビル2階,,35.69683,139.41464,5,7
スタークリニック　三鷹営業所,武蔵野市,武蔵野市関前2丁目3-1,,35.71086,139.55431,5,7
武蔵小金井駅前PCRセンター,小金井市,小金井市本町1-9-5　スカイラーク小金井101号,,35.69989,139.50754,5,7
イケダ薬局 つつじヶ丘店,調布市,調布市西つつじヶ丘３丁目２７番地１６石井ビル 1階,,35.65797,139.57312,5,7
TKP市ヶ谷カンファレンスセンター,新宿区,新宿区市谷八幡町8番地TKP市ヶ谷ビル5A,,35.69249,139.73419,5,7
TKP新宿西口カンファレンスセンター,新宿区,新宿区西新宿1-10-1ヨドバシ新宿西口駅前ビル8階8C,,35.68978,139.69841,5,7
ブランチ調布　コミュニティースペース,調布市,調布市深大寺東町7丁目47-1 ブランチ調布１階,,35.68188,139.55835,5,7
フラワー薬局　町屋駅前店,荒川区,荒川区町屋1-1-8　オリエントビル1階,,35.74303,139.78114,5,7
フラワー薬局富士見台駅前店,練馬区,練馬区貫井三丁目８番４号　プラウドフラット富士見台１F,,35.73568,139.63031,5,7
クオール薬局大泉学園店,練馬区,練馬区東大泉3-18-4　東大泉T-FLAT１階,,35.7514,139.5869,5,7
村島医院在宅診療,杉並区,杉並区高円寺南二丁目24番22号　フルール高円寺101号室,,35.70019,139.64905,5,7
江東とよす薬局,江東区,江東区豊洲5丁目6-29　パークホームズ豊洲ザレジデンス1F,,35.65074,139.79779,5,7
クオール薬局初台南店,渋谷区,渋谷区初台1-36-5,,35.67993,139.68593,5,7
アストロ薬局,立川市,立川市柴崎町6-19-22,,35.68683,139.40933,5,7
アトム薬局,小金井市,小金井市緑町1-6-53うさぎビル1階,,35.7037,139.52017,5,7
くにたちウラン薬局,国立市,国立市東1-6-5,,35.69781,139.4473,5,7
ぞうしき薬局,東大和市,東大和市蔵敷1-431,,35.75593,139.4201,5,7
中央南薬局,東大和市,東大和市南街1-18-6,,35.74091,139.4319,5,7
中央薬局,東大和市,東大和市南街1-12-25,,35.7417,139.43158,5,7
こばると薬局,武蔵村山市,武蔵村山市三ツ藤2-9-1レジデンス三ツ藤1F,,35.75363,139.37503,5,7
ウラン薬局,多摩市,多摩市落合1-38マグレブパーキングビル,,35.62519,139.4268,5,7
有限会社 ヒロキ薬局,小平市,小平市たかの台４３−８,,35.72229,139.46071,5,7
mint PCR等検査センター　八丁堀会場,中央区,中央区八丁堀2-16-8 GRANPASEO八丁堀101,,35.67639,139.77654,5,7
有限会社モネット フレンド薬局,中央区,中央区月島１−１１−９,,35.665,139.78192,5,7
渋谷ルコラコクリニック医科歯科,渋谷区,渋谷区宇田川町37-15 ARISTO渋谷5階,,35.66208,139.69566,5,7
医療法人社団木原会 PCR等検査センター　浅草会場,台東区,台東区元浅草1-19-9 サンポービル８階,,35.70877,139.78242,5,7
日本調剤　国分寺薬局,国分寺市,国分寺市南町3-15-6   小林ビル1階,,35.69867,139.47993,5,7
日本調剤　八王子南口薬局,八王子市,八王子市子安町1-1-3　南口第二ビル1階,,35.65451,139.33922,5,7
日本調剤　福生薬局,福生市,福生市加美平1-13-1,,35.74831,139.32565,5,7
ホッタ晴信堂薬局　立川駅前店,立川市,立川市錦町1-3-3 1階,,35.69654,139.41531,5,7
ちびき調剤薬局,青梅市,青梅市友田町3-136-5,,35.77316,139.29158,5,7
ホッタ晴信堂薬局,福生市,福生市本町142,,35.74157,139.32755,5,7
ホッタ晴信堂薬局　本町店,福生市,福生市本町95-15,,35.74045,139.32654,5,7
ホッタ晴信堂薬局　横田店,福生市,福生市福生二宮2461,,35.73579,139.33972,5,7
表参道ヨーイークリニック,渋谷区,渋谷区神宮前5−1−15,,35.66586,139.70985,5,7
神田すこやかクリニック,千代田区,千代田区神田須田町1-30-1パークホームズ千代田淡路町104,,35.69511,139.76959,5,7
日本調剤　新町田薬局,町田市,町田市森野１−３４−１３町田薬品ビル1階,,35.54636,139.44437,5,7
日本調剤　調布薬局,調布市,調布市小島町１−１４−３ヒューリック調布1階,,35.65421,139.54257,5,7
日本調剤　三鷹台薬局,三鷹市,三鷹市井の頭２−１−１７石伊ビル弐　1階,,35.69293,139.58807,5,7
神田駅前クリニック内科,千代田区,千代田区内神田3-13-2　松尾ビル5階,,35.69184,139.77039,5,7
麻布十番5階採取所,港区,港区東麻布3-4-16　Binemu 5階,,35.65732,139.7374,5,7
麻布十番6階採取所,港区,港区東麻布3-4-16　Binemu 6階,,35.65732,139.7374,5,7
麻布十番7階採取所,港区,港区東麻布3-4-16　Binemu 7階,,35.65732,139.7374,5,7
日野採取所,日野市,日野市旭が丘5丁目19-6　駐車場,,35.65842,139.36133,5,7
今井内科医院,港区,港区新橋5丁目7番12号 丸石新橋ビル2階,,35.6638,139.75447,5,7
あきるの杜きずなクリニック,あきる野市,あきる野市五日市149−1,,35.72967,139.22188,5,5
日本調剤根津薬局,文京区,文京区弥生1-2-16 サンピア西須賀地下1階,,35.71994,139.75998,5,7
日本調剤 駿河台薬局,千代田区,千代田区神田駿河台2-5　村田ビルディング1階,,35.7,139.76096,5,7
日本調剤 竹ノ塚薬局,足立区,足立区竹ノ塚6-9-4坂田ビル第二　1Ｆ,,35.79451,139.79344,5,7
日本調剤　梅屋敷薬局,大田区,大田区大森西六丁目15番16号　コリンH1　1階,,35.56768,139.72812,5,7
日本調剤 立石駅前薬局,葛飾区,葛飾区立石1-15-5,,35.73786,139.84805,5,7
日本調剤　麻布十番薬局,港区,港区南麻布1-6-36,,35.65187,139.73613,5,7
日本調剤　三田薬局,港区,港区三田一丁目4番28号 三田国際ビルアネックス1階,,35.65316,139.74274,5,7
日本調剤　すみれ中央薬局,世田谷区,世田谷区桜3-2-17DS桜ビル1階,,35.64003,139.63962,5,7
日本調剤葛西薬局,江戸川区,江戸川区東葛西6丁目2-10　森ビル1Ｆ,,35.66255,139.87346,5,7